id,n,tipo,ambito,cat,rol,org,dir,geo,z,sz,zona_nombre,subzona_nombre,lat,lon,desc,url,soc,rel,datos,tags,conf,flag,fuentes,estado,notas
p001,Lanzadera,juridica,ciudad,emprendimiento,Aceleradora,Marina de Empresas,La Marina de València,sede,1,4,Ciutat de València,Marítim–Est,39.4585,-0.3285,Centro de alto rendimiento para startups impulsado por Juan Roig. En la convocatoria de 2026 incorporó 124 startups: 40% con IA en el núcleo del producto y 88% ya facturando. Industria y salud lideran la cartera.,https://lanzadera.es/,linkedin: https://es.linkedin.com/company/lanzadera | x: https://twitter.com/lanzaderaes | instagram: https://www.instagram.com/lanzadera.es/ | youtube: https://www.youtube.com/user/lanzaderaTV | facebook: https://www.facebook.com/LanzaderaEs,Marina de Empresas | EDEM Escuela de Empresarios | Angels Capital | Juan Roig | Marta Nogueras | Patricia Cháfer | Esteban Gallego | Miguel Milián,"Empresas aceleradas: 1.700+ desde 2013 | Hornada 2026: 124 startups · 40% con IA · 88% facturando | Ranking: TOP3 de aceleradoras de España y Portugal (Financial Times, 3 años seguidos) | Programas: A-B (aceleración) · Innovation Program · Programa 2.0 | Dirección general: Marta Nogueras · Begoña Sanchís (ayudante de dirección) | Directores de proyectos: Miguel Milián · Salva Aliaga · Zulema García · Daniel Dancausa · Santiago Martínez · Fran Rull · Sara Leonor Medina · Roberto Chapa · Iván Sáez · Paula de Ves | Partners y corporate: Patricia Cháfer (partners y captación) · Esteban Gallego (relaciones corporativas) · Carmen Durán · Darío Olivares · Gonzalo García | Contacto: +34 963 568 585 · info@lanzadera.es",aceleradora; Juan Roig; Marina de Empresas,V,,https://lanzadera.es/ | https://lanzadera.es/equipo-lanzadera/,contactado,
p002,EDEM Escuela de Empresarios,juridica,ciudad,emprendimiento,Escuela de negocios,Marina de Empresas,La Marina de València,sede,1,4,Ciutat de València,Marítim–Est,39.4585,-0.3285,"Escuela de negocios de Marina de Empresas: grado en Empresa (ADE), másteres y programas directivos. Cantera del ecosistema emprendedor valenciano.",https://edem.eu/,linkedin: https://www.linkedin.com/school/edem-escuela-de-empresarios/ | x: https://twitter.com/EDEMempresarios | youtube: https://www.youtube.com/user/EDEMEmpresariosEs | facebook: https://www.facebook.com/EDEMescueladeempresarios,Marina de Empresas | Lanzadera | Hortensia Roig,"Grados: ADE e Ingeniería (IGE) | Másteres: Marketing y Venta Digital · Fintech y BI · IA, Big Data y Cloud · UX/UI · Desarrollo Web · RRHH · Logística | Executive: EMBA · MBA Junior · programas directivos | Serie abierta: «El arte de…» (vender, negociar, liderar, comunicar)",formación; Marina de Empresas,V,,https://edem.eu/,nuevo,
p003,Angels Capital,juridica,ciudad,emprendimiento,Sociedad de inversión,Juan Roig,La Marina de València,sede,1,4,Ciutat de València,Marítim–Est,39.4585,-0.3285,Vehículo inversor de Juan Roig para startups en fase temprana. Plan de inyectar ~10 M€ en 40 compañías en dos años; ya ha recuperado los 40 M€ invertidos vía desinversiones.,https://www.angelscapital.es/,linkedin: https://www.linkedin.com/company/angels-capital/ | x: https://twitter.com/angels_capital,Juan Roig | Marina de Empresas | Lanzadera | Zubi Labs / Zubi Group,"Inversión acumulada: más de 40 M€ | Participadas: 75 compañías | Cartera citada: CoCircular · Citring · TRAK · IONLY · Ola Creators · Biotasmart | Tesis: «la inversión más racional, guiada por los valores más humanos»",inversión; Juan Roig,V,,https://www.angelscapital.es/,nuevo,
p004,Marina de Empresas,juridica,ciudad,emprendimiento,Campus emprendedor,La Marina de València,La Marina de València,sede,1,4,Ciutat de València,Marítim–Est,39.4585,-0.3285,"Campus que reúne EDEM, Lanzadera y Angels en la dársena del puerto. Juan Roig anunció una ampliación de 25 M€.",https://www.marinadeempresas.es/,linkedin: https://www.linkedin.com/company/marinadempresas/ | x: https://twitter.com/marina_empresas | instagram: https://www.instagram.com/marinadeempresas/ | facebook: https://www.facebook.com/marinadeempresas,Lanzadera | EDEM Escuela de Empresarios | Angels Capital | Juan Roig | Ana Giménez,Ampliación 2026: +7.600 m² hasta unos 27.000 m² · ~25 M€ en el nuevo edificio,campus; Juan Roig,V,,https://www.marinadeempresas.es/,nuevo,
p005,Startup Valencia,juridica,ciudad,emprendimiento,Asociación del ecosistema,—,"C. de la Travessia, Poblats Marítims, 46024 València",sede,1,4,Ciutat de València,Marítim–Est,39.4592,-0.327,"Asociación que vertebra el ecosistema startup valenciano. Creció un 36% en 2025 y su comunidad supera los 48.000 profesionales. Organiza VDS, el Observatorio y Directorio, NextTalent, Capital4Startups y el programa de ciberseguridad.",https://startupvalencia.org/,linkedin: https://www.linkedin.com/company/startupvalencia/ | x: https://twitter.com/Startup_VLC | instagram: https://www.instagram.com/startupvalencia/ | youtube: https://www.youtube.com/channel/UCX5EeENSUoxoxHLxPxarM2A | tiktok: https://www.tiktok.com/@startupvalencia | facebook: https://www.facebook.com/StartupValencia/,VDS — Valencia Digital Summit | Base 2 | Juan Luis Hortelano | Nacho Mas | The Terminal Hub,"Sede: Base 2, La Marina de València — C/ de la Travessia 15B, 46024 | Comunidad: más de 50.000 profesionales | Startups y scaleups: más de 3.000 | Programas: VDS · Observatorio y Directorio · NextTalent · Cybersecurity Startup Program · Capital4Startups · Founders Club · Corporate Innovation Club | Grupos de trabajo: Mobility Hub · Blockchain · DeepTech | Red internacional: 10 hubs: Ámsterdam, Copenhague, Lisboa, Medellín, Miami, Múnich, Róterdam, Tallin, La Haya",asociación; comunidad,V,,https://startupvalencia.org/,nuevo,
p006,VDS — Valencia Digital Summit,juridica,ciudad,emprendimiento,Evento y organización,Startup Valencia,"C. de la Travessia, Poblats Marítims, 46024 València",sede,1,4,Ciutat de València,Marítim–Est,39.4592,-0.327,"Gran encuentro global de startups, corporaciones e inversores. Su edición de 2026 generó un impacto económico estimado en 26 M€ para la ciudad.",https://vds.tech/,linkedin: https://www.linkedin.com/company/vds-event/ | x: https://x.com/VDS_event | instagram: https://www.instagram.com/vds.tech | youtube: http://www.youtube.com/@VDS_event | tiktok: https://www.tiktok.com/@vds_tech | facebook: https://www.facebook.com/valenciadigitalsummit/,Startup Valencia | Nacho Mas,"Edición 2026: 21 y 22 de octubre · Ciutat de les Arts i les Ciències | Asistentes: 12.000+ de más de 120 países | Startups y scaleups: 3.000+ | Corporaciones: 1.500+ | Inversores: 800+, con más de 300.000 M€ bajo gestión | Ponentes: 600+ | Tracks: AI & Deep Tech · Climate & Energy · Defense & Aerospace · Talent & Future of Work · Health · Mobility & Logistics · Digital Wealth · Policy | Pases: Attendee · Business · Investor",evento; internacional,V,,https://vds.tech/,nuevo,
p007,BIGBAN Inversores Privados,juridica,ciudad,emprendimiento,Red de business angels,—,"C/ de la Travessia 15E, Base 5, 46024 València",sede,1,4,Ciutat de València,Marítim–Est,39.4592,-0.327,Asociación española de business angels con sede en La Marina de València. Organiza el BIGBAN Investors Congress y la Escuela de Business Angels.,https://bigban.org/,,Pedro de Álava | Alberto Andújar | Cristian Cañadas | Clave Capital | Aktion Legal,Presidente: Pedro de Álava (Clave Capital) | Dirección ejecutiva: Alberto Andújar | Vicepresidencias: Tom Horsey (inversión) · Luz Adell (dealflow) · Nacho Alonso (coinversión) · Carlos Caballero (transferencia) · Jesús Ávila (innovación abierta) | Tesorería y secretaría: David Mor (Borealis) · Cristian Cañadas (Aktion Legal) | Vocales: Patricia Fraile · Jordi Rivera · Juanjo Mostazo · Manuel Juliá · Helena Torras | Teléfono: +34 623 001 126,inversión; business angels,V,,https://bigban.org/equipo-junta/ | https://bigban.org/conoce-bigban/,nuevo,
p008,Innsomnia,juridica,ciudad,emprendimiento,Aceleradora corporativa,La Marina de València,"C/ de la Travessia 15B, Base 2, 46024 València",sede,1,4,Ciutat de València,Marítim–Est,39.4592,-0.327,"Hub de innovación abierta y aceleradora corporativa, pionera en fintech e insurtech en España. Sede en Travessía 15B (Base 2), La Marina. Digital Innovation Hub europeo.",https://innsomniagroup.com/,linkedin: https://www.linkedin.com/company/10805922/ | x: https://x.com/Inn_Somnia | instagram: https://www.instagram.com/innsomnia_group/,Base 2 | Startup Valencia | Francisco (Fran) Estevan,"Sedes: València (Travessia 15B, Base 2) · Madrid (Pl. de la Castellana 89) · Miami | Teléfono: +34 960 420 421 | Alcance: más de 40 corporaciones",innovación abierta; fintech; insurtech,V,,https://innsomniagroup.com/,nuevo,
p009,Draper B1,juridica,ciudad,emprendimiento,Venture capital,—,,,,,,,,,"Fondo de capital riesgo con sede en Valencia, parte de la red Draper Venture Network. Invierte en fases semilla y serie A.",https://draperb1.vc/,linkedin: https://www.linkedin.com/company/draperb1/ | x: https://twitter.com/draperb1_vc | medium: https://medium.com/draperb1,Fourvenues,Fase: semilla y early stage | Red: Draper Venture Network | Cartera citada: Erudit · FourVenues · APlanet · Traventia (exit) · Signaturit (exit) · Skitude (exit),VC; inversión,V,,https://draperb1.vc/,nuevo,
p010,Zubi Labs / Zubi Group,juridica,ciudad,emprendimiento,Venture builder de impacto,Iker Marcaide,"C. de la Travessia, Poblats Marítims, 46024 València",sede,1,4,Ciutat de València,Marítim–Est,39.4592,-0.327,"Venture builder que construye empresas de impacto desde Valencia (Matteco, Imagine Montessori, Zubi Cities…).",https://zubilabs.com/,linkedin: https://www.linkedin.com/company/zubi-labs/,Iker Marcaide | Matteco | Fernando Marzal | Angels Capital,"Sedes: València (C. de la Travessia) · Madrid (Velázquez 80) · Barcelona | Cartera: Matteco · CoCircular · Kampe · Nido · TeraDx · Devera · Skills4Impact · ZeroNet · Greenest · Woodea | Equipo citado: Pablo Lara, managing partner",impacto; venture builder,V,,https://zubilabs.com/,nuevo,
p011,CEEI València,juridica,ciudad,emprendimiento,Centro de empresas innovadoras,Generalitat / IVACE,Plaça de Manises 1 (Palau de la Generalitat),sede,1,1,Ciutat de València,Ciutat Vella,39.476,-0.378,"Centro Europeo de Empresas Innovadoras: incubación, asesoramiento y la plataforma EmprenemJunts, que agrega convocatorias y eventos de toda la Comunitat.",https://ceeivalencia.emprenemjunts.es/,,,,incubadora; convocatorias,V,,,nuevo,
p012,Las Naves,juridica,ciudad,emprendimiento,Centro de innovación social y urbana,Ajuntament de València,"C/ Joan Verdeguer 16, 46024 València",sede,1,4,Ciutat de València,Marítim–Est,39.464,-0.349,"Edificio municipal de innovación en Camins al Grau (C/ Joan Verdeguer 16). Desde 2026 lasnaves.com redirige a València Innovation Capital: el edificio sigue siendo la sede, pero la marca operativa es VIC.",https://www.lasnaves.com/,,València Innovation Capital,"Dirección: C/ Joan Verdeguer 16, 46024 València | Edificio hermano: La Harinera, C/ Joan Verdeguer 32 | Nota: lasnaves.com redirige hoy a valenciainnovationcapital.com",innovación social; municipal,V,,https://valenciainnovationcapital.com/,nuevo,
p013,València Innovation Capital,juridica,ciudad,emprendimiento,Programa municipal de innovación,Ajuntament de València,"C/ Joan Verdeguer 16, 46024 València",sede,1,4,Ciutat de València,Marítim–Est,39.464,-0.349,"Marca y paraguas de las políticas de innovación del Ayuntamiento: subvenciones early stage y seed, Premios a la Innovación y apoyo a la participación en VDS.",https://valenciainnovationcapital.com/,linkedin: https://www.linkedin.com/company/vlc-innovation/ | x: https://x.com/VLCInnovation | instagram: https://www.instagram.com/VLCInnovation/ | youtube: https://www.youtube.com/@VLCInnovation | facebook: https://www.facebook.com/VLCInnovation,Las Naves | Ajuntament de València — Participación Ciudadana | María José Catalá,Sedes: Las Naves (C/ Joan Verdeguer 16) y La Harinera (C/ Joan Verdeguer 32) | Teléfono: 963 910 477 | Programas: Sandbox Urbano · City Challenges · programas de aceleración · Innovation Labs · proyectos europeos · i-team València · 46 Valencia Tech Hub · Valencia Innovation Alliance | Convocatorias: VLC Startup Awards · subvenciones early stage y seed · Premios a la Innovación,ayudas; municipal,V,,https://valenciainnovationcapital.com/,nuevo,
p014,Parc Científic de la Universitat de València,juridica,ciudad,emprendimiento,Parque científico,Universitat de València,Av. de Blasco Ibáñez 13,sede,1,4,Ciutat de València,Marítim–Est,39.479,-0.348,Parque científico en Paterna con concentración de biotecnológicas y spin-offs. Impulsa con la FPCUV la incubadora de inteligencia artificial IATecUV.,https://www.pcuv.es/,linkedin: https://es.linkedin.com/company/parccientificuv,,,deep tech; spin-off; biotech,V,,https://www.pcuv.es/,nuevo,
p015,Instituto IDEAS UPV,juridica,ciudad,emprendimiento,Creación de empresas,Universitat Politècnica de València,"Camí de Vera s/n, 46022 València",sede,1,4,Ciutat de València,Marítim–Est,39.4812,-0.3408,Estructura de la UPV para la creación de empresas de base tecnológica a partir de investigación universitaria.,https://innovacion.upv.es/,,,,universidad; spin-off,V,,,nuevo,
p016,Comité Tech Transfer,juridica,ciudad,emprendimiento,Transferencia de tecnología,Startup Valencia + UPV,"C. de la Travessia, Poblats Marítims, 46024 València",sede,1,4,Ciutat de València,Marítim–Est,39.4592,-0.327,Comité que impulsa startups valencianas nacidas de transferir tecnología de la investigación al mercado.,https://innovacion.upv.es/en/el-comite-tech-transfer-impulsara-startups-valencianas-que-transfieran-tecnologia-de-la-investigacion-upv-al-mercado/,,,,transferencia; deep tech,V,,,nuevo,
p017,ITI — Instituto Tecnológico de Informática,juridica,ciudad,tecnologia,Centro tecnológico,UPV,"Camí de Vera s/n, 46022 València",sede,1,4,Ciutat de València,Marítim–Est,39.4812,-0.3408,"Centro tecnológico especializado en IA, datos e informática avanzada aplicada a la industria.",,,,,IA; centro tecnológico,E,,,nuevo,
p018,REDIT,juridica,ciudad,tecnologia,Red de institutos tecnológicos,Comunitat Valenciana,"Av. Benjamín Franklin 5-11, Parc Tecnològic, Paterna",sede,2,2,Paterna,Parc Tecnològic,39.5104,-0.4218,"Red que agrupa los institutos tecnológicos valencianos (AIMPLAS, AINIA, ITE, IBV, AIDIMME, ITENE, AITEX…).",,,,,I+D; industria,E,,,nuevo,
p019,Bioval,juridica,ciudad,salud,Clúster biotecnológico,Comunitat Valenciana,,,,,,,,,"Clúster que agrupa empresas, centros y hospitales del sector bio de la Comunitat. Convoca los Premios Bioval.",https://www.bioval.org/,linkedin: https://es.linkedin.com/company/bioval,Ángela Pérez | AINIA | FEDACOVA,,biotech; clúster,V,,https://www.bioval.org/,nuevo,
p020,Distrito Digital Comunitat Valenciana,juridica,ciudad,tecnologia,Hub digital público,Generalitat Valenciana,Plaça de Manises 1 (Palau de la Generalitat),sede,1,1,Ciutat de València,Ciutat Vella,39.476,-0.378,Hub tecnológico autonómico con sedes en Alicante y València; aloja empresas digitales y programas de atracción de talento.,https://distritodigitalcv.com/,,,,público; digital,V,,,nuevo,
p021,Wayco,juridica,ciudad,emprendimiento,Red de coworkings,—,"Pizarro 13, 46004 València (Wayco Pizarro)",sede,1,2,Ciutat de València,Eixample–Extramurs,39.47,-0.373,"Red valenciana de coworkings y espacios para eventos profesionales. Abre en 2026 Wayco Pizarro, su espacio premium en el centro.",https://wayco.es/,linkedin: https://www.linkedin.com/company/wayco/ | instagram: https://instagram.com/waycoideas | tiktok: https://www.tiktok.com/@waycoideas | youtube: https://www.youtube.com/channel/UCJvVmh7pKytT_HL4kXpm4-A,,"Wayco Abastos: Historiador Diago 3, 46007 · 960 50 19 16 | Wayco Cabanyal: Mariano Cuber 17, 46011 · 960 99 00 38 | Wayco Ruzafa: Almirante Cadarso 26 bajo, 46005 · 962 06 23 24 | Wayco Pizarro: Pizarro 13, 46004 · 960 99 07 37",coworking; comunidad,V,,https://wayco.es/,nuevo,
p022,Cámara de Comercio de València,juridica,ciudad,emprendimiento,Corporación empresarial,—,C/ del Poeta Querol 15,sede,1,1,Ciutat de València,Ciutat Vella,39.4712,-0.3737,"Servicios de internacionalización, formación y apoyo a pymes y emprendedores.",,,,,institución,E,,,nuevo,
p023,AVE — Asociación Valenciana de Empresarios,juridica,ciudad,publico,Asociación empresarial,—,,,,,,,,,"Asociación de grandes empresas valencianas; agenda de competitividad, infraestructuras y financiación autonómica.",,,,,lobby; empresa,E,,,nuevo,
p024,CEV — Confederación Empresarial CV,juridica,ciudad,publico,Patronal,—,"Plaça del Comte de Carlet 3, 46003 València",sede,1,1,Ciutat de València,Ciutat Vella,39.4736,-0.3735,Organización empresarial de referencia de la Comunitat Valenciana; integra clústeres y asociaciones sectoriales.,https://www.cev.es/,linkedin: https://www.linkedin.com/company/confederaci-n-empresarial-valenciana | x: https://twitter.com/CEV_CV | flickr: https://www.flickr.com/photos/133355827@N02/,,,patronal,V,,https://www.cev.es/,nuevo,
p025,Fundación Conexus,juridica,ciudad,publico,Fundación,—,"C/ Españoleto 25, bajo, 28010 Madrid",sede,0,4,Fora de la rejilla,,39.4812,-0.3408,"Fundación que teje las relaciones entre la Comunitat Valenciana y Madrid en economía, cultura y sociedad. Su sede está en Madrid, no en València.",https://fundacionconexus.es/,linkedin: https://www.linkedin.com/company/fundacion-conexus-madrid-comunitat-valenciana/ | x: https://twitter.com/FConexus | instagram: https://www.instagram.com/fundacionconexus/ | youtube: https://www.youtube.com/channel/UCoqRwDnDT5czz6G5hWGnsvg | facebook: https://www.facebook.com/Fundación-Conexus-168131880500532/,,Teléfono: 91 700 22 91 | Correo: informacion@fundacionconexus.es,foro; institución,E,sede en Madrid,https://fundacionconexus.es/,nuevo,
p026,Valencia Convention Bureau,juridica,ciudad,publico,Promoción de congresos,Visit València,,,,,,,,,"Oficina que capta y coordina congresos y eventos profesionales en la ciudad; mantiene la agenda oficial. Forma parte de Visit València, que también opera la Valencia Film Office.",https://www.valenciaconventionbureau.com/,,,Redes propias: no publica perfiles propios; los canales son los de Visit València | Portales hermanos: visitvalencia.com · fundacion.visitvalencia.com · valenciafilmoffice.org,congresos; agenda,V,,https://www.valenciaconventionbureau.com/,nuevo,
p027,Feria Valencia,juridica,ciudad,publico,Recinto ferial,Benimàmet,"Av. de les Fires s/n, Benimàmet",sede,1,3,Ciutat de València,Nord,39.5055,-0.413,"Recinto ferial con un centenar de certámenes al año: Hábitat, Cevisama, Iberflora, FIMMA-Maderalia, Gastrónoma, Forinvest…",https://www.feriavalencia.com/,linkedin: https://www.linkedin.com/company/feria-valencia | x: https://x.com/feria_valencia | instagram: https://www.instagram.com/feriavalencia/ | youtube: https://www.youtube.com/channel/UC2c4KYjrdeyt-W2ZH86Bsgw | facebook: https://www.facebook.com/feriavalencia/ | flickr: https://www.flickr.com/photos/feria-valencia/albums/,,,ferias; recinto,V,,https://www.feriavalencia.com/,nuevo,
p028,Palacio de Congresos de València,juridica,ciudad,salud,Sede congresual,Av. de les Corts Valencianes,Av. de les Corts Valencianes 60,sede,1,3,Ciutat de València,Nord,39.4885,-0.4037,Edificio de Norman Foster y principal sede de congresos científicos y médicos de la ciudad.,https://palcongres-vlc.com/,linkedin: https://www.linkedin.com/company/valencia-conference-centre/ | x: https://x.com/PalcongresVLC | instagram: https://www.instagram.com/palaciocongresosvlc | youtube: https://www.youtube.com/channel/UCKO3-Tru_-Ew5Gbni7olDcA,,,congresos; recinto,V,,https://palcongres-vlc.com/,nuevo,
p029,Juan Roig,fisica,ciudad,emprendimiento,Presidente de Mercadona,Mercadona / Marina de Empresas,La Marina de València,sede,1,4,Ciutat de València,Marítim–Est,39.4585,-0.3285,"Impulsor de Marina de Empresas (EDEM, Lanzadera y Angels) y del Roig Arena. Principal motor privado del ecosistema emprendedor valenciano.",https://www.angelscapital.es/juan-roig/,,Marina de Empresas | Lanzadera | EDEM Escuela de Empresarios | Angels Capital | Roig Arena | Hortensia Herrero | Hortensia Roig,,Mercadona; mecenas; inversión,V,,,nuevo,
p030,Hortensia Herrero,fisica,ciudad,arte,Vicepresidenta de Mercadona,Fundación Hortensia Herrero,C/ del Mar 31 (Palau de Valeriola),sede,1,1,Ciutat de València,Ciutat Vella,39.4747,-0.376,"Mecenas cultural: su fundación ha restaurado patrimonio valenciano y abierto el Centre d'Art Hortensia Herrero en el Palau de Valeriola. No confundir con Hortensia Roig, presidenta de EDEM.",,,Centre d'Art Hortensia Herrero (CAHH) | Juan Roig,,mecenazgo; arte; patrimonio,E,,,nuevo,
p031,Javier Jiménez Marco,fisica,ciudad,emprendimiento,Ex director general de Lanzadera,Lanzadera,La Marina de València,sede,1,4,Ciutat de València,Marítim–Est,39.4585,-0.3285,Dirigió la aceleradora de Juan Roig y es una de las voces más citadas del ecosistema sobre método y ejecución en startups. La dirección general la ocupa hoy Marta Nogueras: conviene contrastar su rol actual.,https://www.crunchbase.com/person/javier-jim-nez-marco,,,,aceleradora; Lanzadera,A,rol actual a contrastar,,nuevo,
p032,Nacho Mas,fisica,ciudad,emprendimiento,CEO,Startup Valencia y VDS,"C. de la Travessia, Poblats Marítims, 46024 València",sede,1,4,Ciutat de València,Marítim–Est,39.4592,-0.327,CEO de Startup Valencia y del Valencia Digital Summit; vicepresidente ejecutivo de la asociación. Cara visible de la conexión startups–corporaciones–inversores.,https://es.linkedin.com/in/ignaciomas,linkedin: https://es.linkedin.com/in/ignaciomas,Startup Valencia | VDS — Valencia Digital Summit,,ecosistema; VDS,V,,https://es.linkedin.com/in/ignaciomas,nuevo,
p033,Juan Luis Hortelano,fisica,ciudad,emprendimiento,Presidente de Startup Valencia · cofundador y COO de Blinkfire Analytics,Startup Valencia · Blinkfire Analytics,"C. de la Travessia, Poblats Marítims, 46024 València",sede,1,4,Ciutat de València,Marítim–Est,39.4592,-0.327,"Reelegido por unanimidad presidente de Startup Valencia para cinco años. Cofundador y COO de Blinkfire Analytics, análitica de medios y patrocinio deportivo.",https://startupvalencia.org/,linkedin: https://es.linkedin.com/in/juanluishortelano,Startup Valencia | Blinkfire Analytics,,presidente; sports tech,V,,https://es.linkedin.com/in/juanluishortelano | https://www.blinkfire.com/about,nuevo,
p034,Fran Villalba Segarra,fisica,ciudad,tecnologia,Fundador y CEO,Internxt,"C. de la Travessia, Poblats Marítims, 46024 València",sede,1,4,Ciutat de València,Marítim–Est,39.4592,-0.327,"Fundador de Internxt, almacenamiento en la nube cifrado y orientado a privacidad. Vicepresidente de relación con founders en Startup Valencia.",,linkedin: https://es.linkedin.com/in/fvsegarra | x: https://x.com/fvsegarra,Internxt | Startup Valencia,,privacidad; cloud; founder,V,,https://es.linkedin.com/in/fvsegarra | https://internxt.com/about,nuevo,
p035,Javier Megías,fisica,ciudad,emprendimiento,COO y Director de Europa en Frenetic · VP de inversores en Startup Valencia,Startup Valencia,"C. de la Travessia, Poblats Marítims, 46024 València",sede,1,4,Ciutat de València,Marítim–Est,39.4592,-0.327,Vicepresidente de relación con inversores en Startup Valencia. Dejó Plug and Play para incorporarse a Frenetic como COO y director de Europa; larga trayectoria previa en venture capital e innovación.,,linkedin: https://www.linkedin.com/in/javiermegiasterol,,,inversión; mentor,V,,https://www.linkedin.com/in/javiermegiasterol | https://valenciaplaza.com/valenciaplaza/javier-megias-deja-plug-and-play-y-da-el-salto-a-la-tecnologica-frenetic,nuevo,
p036,Pilar Mateo,fisica,ciudad,salud,Científica y empresaria,Inesfly · Women Paint Too,"C. de la Travessia, Poblats Marítims, 46024 València",sede,1,4,Ciutat de València,Marítim–Est,39.4592,-0.327,"Química e investigadora, creadora de la tecnología de pinturas insecticidas Inesfly contra la enfermedad de Chagas. VP de Impacto en Startup Valencia.",,,,,ciencia; impacto social; salud global,V,,,nuevo,
p037,Juan M. Climent,fisica,ciudad,emprendimiento,Adian · VP de Estrategia,Startup Valencia,"C. de la Travessia, Poblats Marítims, 46024 València",sede,1,4,Ciutat de València,Marítim–Est,39.4592,-0.327,Vicepresidente de Estrategia de Startup Valencia.,,,,,estrategia,V,,,nuevo,
p038,Judith Saladrigas Coll,fisica,ciudad,emprendimiento,Secretaria de la junta,RCD · Startup Valencia,"C. de la Travessia, Poblats Marítims, 46024 València",sede,1,4,Ciutat de València,Marítim–Est,39.4592,-0.327,Abogada en RCD; secretaria de la junta directiva de Startup Valencia.,,linkedin: https://www.linkedin.com/in/judith-saladrigas-coll-b8200344/,Startup Valencia,,legal; venture,V,,https://www.linkedin.com/in/judith-saladrigas-coll-b8200344/,nuevo,
p039,Vicente Ruiz,fisica,ciudad,emprendimiento,Tesorero de la junta,Tbig Finance · Startup Valencia,"C. de la Travessia, Poblats Marítims, 46024 València",sede,1,4,Ciutat de València,Marítim–Est,39.4592,-0.327,Tesorero de Startup Valencia; finanzas para startups desde Tbig Finance.,,linkedin: https://www.linkedin.com/in/vicenteruizruiz/,Tbig Finance | Startup Valencia,,finanzas,V,,https://www.linkedin.com/in/vicenteruizruiz/,nuevo,
p040,David Pistoni,fisica,ciudad,tecnologia,CEO,Zeleros,"C. de la Travessia, Poblats Marítims, 46024 València",sede,1,4,Ciutat de València,Marítim–Est,39.4592,-0.327,"Lidera Zeleros, movilidad avanzada y tecnología hyperloop nacida en la UPV. Miembro de la junta de Startup Valencia.",,linkedin: https://www.linkedin.com/in/dpistoni/,Zeleros | Startup Valencia,,movilidad; deep tech,V,,https://www.linkedin.com/in/dpistoni/,nuevo,
p041,David Ortega Berdún,fisica,ciudad,tecnologia,Bit2Me · Dekalabs,Blockchain,"C. de la Travessia, Poblats Marítims, 46024 València",sede,1,4,Ciutat de València,Marítim–Est,39.4592,-0.327,Emprendedor blockchain; junta directiva de Startup Valencia.,,linkedin: https://www.linkedin.com/in/dortega/,Bit2Me | Dekalabs | Startup Valencia,,blockchain; cripto,V,,https://www.linkedin.com/in/dortega/,nuevo,
p042,Raquel Valero,fisica,ciudad,arte,PlayFilm,Tecnología audiovisual interactiva,"C. de la Travessia, Poblats Marítims, 46024 València",sede,1,4,Ciutat de València,Marítim–Est,39.4592,-0.327,"Impulsa PlayFilm, vídeo interactivo y datos aplicados al marketing. Junta directiva de Startup Valencia.",,,,,audiovisual; martech,V,,,nuevo,
p043,Antonio González Asturiano,fisica,ciudad,emprendimiento,Aktion Legal,Servicios jurídicos para startups,"C. de la Travessia, Poblats Marítims, 46024 València",sede,1,4,Ciutat de València,Marítim–Est,39.4592,-0.327,Abogado especializado en startups y venture capital. Junta directiva de Startup Valencia.,,linkedin: https://www.linkedin.com/in/gonzalezasturiano/,Aktion Legal | Startup Valencia | Cristian Cañadas,,legal,V,,https://www.linkedin.com/in/gonzalezasturiano/,nuevo,
p044,Clara Fernández,fisica,ciudad,salud,Progevita,Biotecnología y longevidad,"C. de la Travessia, Poblats Marítims, 46024 València",sede,1,4,Ciutat de València,Marítim–Est,39.4592,-0.327,Emprendedora en longevidad y salud; antes en Rosita Longevity. Junta directiva de Startup Valencia.,,,,,longevidad; healthtech,V,,,nuevo,
p045,Marta Zaragoza Domingo,fisica,ciudad,emprendimiento,Fundadora y CEO de Declarando,Automatización fiscal,"C. de la Travessia, Poblats Marítims, 46024 València",sede,1,4,Ciutat de València,Marítim–Est,39.4592,-0.327,"Fundadora de Declarando, asesoría fiscal automatizada para autónomos. Junta directiva de Startup Valencia.",,linkedin: https://es.linkedin.com/in/martazaragozadomingo,Declarando | Startup Valencia,,fintech; fiscal,V,,https://es.linkedin.com/in/martazaragozadomingo | https://declarando.es/author/mzaragoza,nuevo,
p046,Reinerio Agüería,fisica,ciudad,tecnologia,Controliza,Automatización industrial,"C. de la Travessia, Poblats Marítims, 46024 València",sede,1,4,Ciutat de València,Marítim–Est,39.4592,-0.327,Automatización y control industrial. Junta directiva de Startup Valencia.,,,,,industria 4.0,V,,,nuevo,
p047,Hugo Mira,fisica,ciudad,tecnologia,Mojito360,Logística y trazabilidad,"C. de la Travessia, Poblats Marítims, 46024 València",sede,1,4,Ciutat de València,Marítim–Est,39.4592,-0.327,Trazabilidad y logística digital. Junta directiva de Startup Valencia.,,,,,logística,V,,,nuevo,
p048,Antonio Huerta,fisica,ciudad,tecnologia,Secture,Ciberseguridad e IA,"C. de la Travessia, Poblats Marítims, 46024 València",sede,1,4,Ciutat de València,Marítim–Est,39.4592,-0.327,Ciberseguridad y desarrollo con IA. Junta directiva de Startup Valencia.,,linkedin: https://www.linkedin.com/in/tohuerta/,Secture | Startup Valencia,,ciberseguridad; IA,V,,https://www.linkedin.com/in/tohuerta/,nuevo,
p049,Diego Moya,fisica,ciudad,emprendimiento,Vibex Ventures,Inversión en ciudades sostenibles,"C. de la Travessia, Poblats Marítims, 46024 València",sede,1,4,Ciutat de València,Marítim–Est,39.4592,-0.327,Inversión en ciudades sostenibles y proptech. Junta directiva de Startup Valencia.,,,,,VC; sostenibilidad,V,,,nuevo,
p050,Juan Cartagena,fisica,ciudad,salud,RX Longevity,Longevidad,"C. de la Travessia, Poblats Marítims, 46024 València",sede,1,4,Ciutat de València,Marítim–Est,39.4592,-0.327,"Emprendedor en serie: fundó Traity, caso de éxito español de reputación digital reconocido por la Comisión Europea, y hoy está en RX Longevity. Junta directiva de Startup Valencia.",,linkedin: https://es.linkedin.com/in/juancartagena,RX Longevity | Startup Valencia,,longevidad,V,,https://es.linkedin.com/in/juancartagena | https://digital-strategy.ec.europa.eu/en/news/success-story-spanish-startup-traity,nuevo,
p051,Fernando Marzal,fisica,ciudad,emprendimiento,Zubi Labs,Venture building de impacto,"C. de la Travessia, Poblats Marítims, 46024 València",sede,1,4,Ciutat de València,Marítim–Est,39.4592,-0.327,"Zubi Labs, el venture builder de impacto de Iker Marcaide. Junta directiva de Startup Valencia.",,,,,impacto,V,,,nuevo,
p052,Víctor P. Armanini,fisica,ciudad,emprendimiento,BigBuy,E-commerce mayorista,"C. de la Travessia, Poblats Marítims, 46024 València",sede,1,4,Ciutat de València,Marítim–Est,39.4592,-0.327,"BigBuy, plataforma de dropshipping y e-commerce B2B con sede en Valencia. Junta directiva de Startup Valencia.",,,,,ecommerce,V,,,nuevo,
p053,Iker Marcaide,fisica,ciudad,emprendimiento,Fundador,Flywire · Zubi Group · Matteco,"C. de la Travessia, Poblats Marítims, 46024 València",sede,1,4,Ciutat de València,Marítim–Est,39.4592,-0.327,"Fundó Flywire, primer unicornio valenciano (salió al Nasdaq en 2021). Hoy construye Zubi Group y Matteco (materiales para hidrógeno verde) desde Valencia.",https://zubilabs.com/,linkedin: https://es.linkedin.com/in/ikermarcaide,Flywire | Zubi Labs / Zubi Group | Matteco | The Terminal Hub,,unicornio; impacto; hidrógeno verde,V,,https://es.linkedin.com/in/ikermarcaide | https://zubilabs.com/,nuevo,
p054,Iñaki Berenguer,fisica,ciudad,emprendimiento,Managing partner en LifeX Ventures · fundador de CoverWallet,CoverWallet · LifeX Ventures,,,,,,,,,"Emprendedor valenciano afincado en Nueva York. Fundó CoverWallet, vendida a Aon, y hoy es managing partner de LifeX Ventures, que invierte en el cruce entre IA y ciencia.",,linkedin: https://www.linkedin.com/in/inakiberenguer/ | web: https://www.lifex.vc/team/inaki-berenguer,,,insurtech; inversión; diáspora,V,,https://www.lifex.vc/team/inaki-berenguer,nuevo,
p055,Francisco Estevan Vítores,fisica,ciudad,emprendimiento,Fundador,Innsomnia,,,,,,,,,"Fundador de Innsomnia; convenció a la banca para montar una aceleradora fintech en València y creó el mayor radar de startups financieras de España. Su perfil actual apunta a subvenciones, tecnología y finanzas, y alguna fuente lo sitúa al frente de WeGrant: conviene contrastar su rol de hoy.",,linkedin: https://es.linkedin.com/in/franciscoestevan,,,innovación abierta; fintech,A,rol actual a contrastar,https://es.linkedin.com/in/franciscoestevan,nuevo,
p056,Ángel Alberich-Bayarri,fisica,ciudad,salud,Fundador y CEO,Quibim,,,,,,,,,Ingeniero biomédico; Quibim aplica IA a la imagen médica. Cerró una ronda de ~50 M€ liderada por Asabys y Buenavista para avanzar en gemelos digitales humanos.,https://en.wikipedia.org/wiki/%C3%81ngel_Alberich-Bayarri,linkedin: https://www.linkedin.com/in/angelalberich/,Quibim,,IA; imagen médica; healthtech,V,,,nuevo,
p057,Jaime Bosch,fisica,ciudad,entretenimiento,Cofundador y CEO,Voicemod,,,,,,,,,Voicemod transforma la voz en tiempo real para gamers y creadores; referencia valenciana en audio y creator economy.,https://www.voicemod.com/our-story,linkedin: https://es.linkedin.com/in/jaimebosch,Voicemod,,gaming; audio; creator economy,V,,,nuevo,
p058,Álvaro Verdoy,fisica,ciudad,tecnologia,Fundador y CEO,Sales Layer,,,,,,,,,"Sales Layer, PIM (gestión de información de producto) en SaaS con clientes internacionales.",,linkedin: https://www.linkedin.com/in/alvaroverdoy/,Sales Layer,,SaaS; PIM,V,,https://www.linkedin.com/in/alvaroverdoy/,nuevo,
p059,Cristina Aristoy Cadenas,fisica,ciudad,emprendimiento,Cofundadora y CEO,Singularu,,,,,,,,,"Singularu, joyería personalizada de origen digital. Reconocida como Joven Empresaria del Año.",,linkedin: https://es.linkedin.com/in/cristinaaristoycadenas | wikipedia: https://es.wikipedia.org/wiki/Cristina_Aristoy,Singularu,,ecommerce; retail; moda,V,,https://es.linkedin.com/in/cristinaaristoycadenas | https://es.wikipedia.org/wiki/Cristina_Aristoy,nuevo,
p060,Albert Soriano,fisica,ciudad,tecnologia,Fundador y CEO,Sesame HR,,,,,,,,,"Sesame HR, software de recursos humanos (control horario, vacaciones, desempeño) con fuerte crecimiento internacional.",,linkedin: https://www.linkedin.com/in/albertsoriano/,Sesame HR,,SaaS; RRHH,V,,https://www.linkedin.com/in/albertsoriano/,nuevo,
p061,Francisco Benedito,fisica,ciudad,publico,Cofundador y CEO,ClimateTrade,,,,,,,,,"ClimateTrade, marketplace blockchain de compensación de carbono. Voz valenciana en climate tech.",https://en.wikipedia.org/wiki/Francisco_Benedito,linkedin: https://www.linkedin.com/in/fran-benedito/ | wikipedia: https://en.wikipedia.org/wiki/Francisco_Benedito,ClimateTrade,,climate tech; blockchain,V,,https://www.linkedin.com/in/fran-benedito/,nuevo,
p062,José Capmany,fisica,ciudad,tecnologia,Catedrático y cofundador,UPV · iPronics,"Camí de Vera s/n, 46022 València",sede,1,4,Ciutat de València,Marítim–Est,39.4812,-0.3408,"Catedrático de fotónica en la UPV y cofundador de iPronics, chips fotónicos programables — uno de los deep tech valencianos con mayor proyección.",,,iPronics | Daniel Pérez-López,Reconocimientos: ponente del European Research Council (ERC); cátedra de fotónica en la UPV,fotónica; deep tech; universidad,V,,https://erc.europa.eu/event-speaker/jose-capmany,nuevo,
p063,Daniel Pérez-López,fisica,ciudad,tecnologia,Cofundador y CEO,iPronics,,,,,,,,,Lleva al mercado los procesadores fotónicos programables para telecomunicaciones y centros de datos. Cofundador de la spin-off de la UPV iPronics y ERC Starting Grant.,,,iPronics | José Capmany,Reconocimientos: ERC Starting Grant del Consejo Europeo de Investigación; incluido en The Photonics 100,fotónica; deep tech,V,,https://www.upv.es/noticias-upv/noticia-14285-ipronics-es.html,nuevo,
p064,María José Catalá,fisica,ciudad,publico,Alcaldesa de València,Ajuntament de València,"C/ Joan Verdeguer 16, 46024 València",sede,1,4,Ciutat de València,Marítim–Est,39.464,-0.349,Alcaldesa desde junio de 2023. Impulsa València Innovation Capital y la agenda de grandes eventos de la ciudad.,https://www.valencia.es/,,,,política; municipal,V,,,nuevo,
p065,Juanfran Pérez Llorca,fisica,ciudad,publico,President de la Generalitat,Generalitat Valenciana,Plaça de Manises 1 (Palau de la Generalitat),sede,1,1,Ciutat de València,Ciutat Vella,39.476,-0.378,President de la Generalitat Valenciana desde noviembre de 2025.,https://www.gva.es/en/web/generalitat/president/biografia,,,,política; autonómico,V,,,nuevo,
p066,Flywire,juridica,ciudad,emprendimiento,Startup / empresa,Valencia,,,,,,,,,"Pagos internacionales para universidades, hospitales y empresas. Fundada por Iker Marcaide, primer unicornio valenciano; cotiza en el Nasdaq desde 2021. ~199 M€ levantados antes de la salida.",https://www.flywire.com/,linkedin: https://www.linkedin.com/company/flywire/ | x: https://x.com/flywire | instagram: https://www.instagram.com/insideflywire/ | facebook: https://www.facebook.com/Flywire | vimeo: https://vimeo.com/flywire,,,fintech; unicornio,V,,https://www.flywire.com/,nuevo,
p067,Fever,juridica,ciudad,entretenimiento,Startup / empresa,Valencia,,,,,,,,,"Plataforma para descubrir y reservar ocio en vivo — conciertos, festivales, exposiciones inmersivas, tours y atracciones — en más de 200 ciudades.",https://feverup.com/,linkedin: https://www.linkedin.com/company/fever-up | x: https://x.com/fever_us | instagram: https://www.instagram.com/fever_us/ | tiktok: https://www.tiktok.com/@feverup | youtube: https://www.youtube.com/c/feverup | facebook: https://www.facebook.com/FeverUpUS,,,ocio; marketplace,V,,https://feverup.com/,nuevo,
p068,Quibim,juridica,ciudad,salud,Startup / empresa,Valencia,"Av. d'Aragó 30, planta 13, oficina I-J, 46021 València",calle,1,2,Ciutat de València,Eixample–Extramurs,39.4706,-0.3592,"Software con IA que convierte la imagen médica (RM, TC, PET) en información predictiva para hospitales y farmacéuticas. Cerró una ronda de ~50 M€ liderada por Asabys y Buenavista. Su web es hoy quibim.ai.",https://quibim.ai/,linkedin: https://www.linkedin.com/company/quibim/ | x: https://x.com/quibimbiomarker | instagram: https://www.instagram.com/quibim.ai | youtube: https://www.youtube.com/@QUIBIMchannel/videos,,,IA; medtech,V,,https://quibim.ai/,nuevo,
p069,Zeleros,juridica,ciudad,tecnologia,Startup / empresa,Valencia,"La Marina de València, Moll de la Duana s/n, 46024 València",sede,1,4,Ciutat de València,Marítim–Est,39.4812,-0.3408,"Nacida en la UPV como proyecto de hyperloop, su ingeniería ha dado el salto a servicios de electrificación de extremo a extremo para automoción, aplicando lo aprendido en el hyperloop. Su web opera hoy bajo la marca Magotipo, y Zeleros Global trasladó su domicilio social a Cuenca: conviene contrastar la estructura societaria actual.",https://zeleros.com/,,,"Marca en la web: Magotipo | Sede operativa: La Marina de València, Moll de la Duana s/n | Domicilio social: trasladado a Cuenca, según prensa",movilidad; deep tech,A,marca y sede en revisión,https://zeleros.com/ | https://www.autofacil.es/zeleros-hyperloop-electrificacion-movilidad/,nuevo,
p070,Voicemod,juridica,ciudad,entretenimiento,Startup / empresa,Valencia,,,,,,,,,Modificación de voz en tiempo real para gamers y creadores de contenido.,https://www.voicemod.net/,linkedin: https://es.linkedin.com/company/voicemod | instagram: https://www.instagram.com/voicemod | youtube: https://www.youtube.com/voicemod | tiktok: https://www.tiktok.com/@voicemod | discord: https://discord.com/invite/voicemod | reddit: https://www.reddit.com/r/voicemod/,,,gaming; audio,V,,https://www.voicemod.net/,nuevo,
p071,Internxt,juridica,ciudad,tecnologia,Startup / empresa,Valencia,,,,,,,,,"Almacenamiento en la nube cifrado de extremo a extremo, con la privacidad como propuesta central.",https://internxt.com/,linkedin: https://linkedin.com/company/internxt | x: https://twitter.com/Internxt | instagram: https://instagram.com/internxt/ | youtube: https://www.youtube.com/channel/UCW2SxWdVEAEACYuejCgpGwg/featured | reddit: https://www.reddit.com/r/internxt/,,,privacidad; cloud,V,,https://internxt.com/,nuevo,
p072,Bit2Me,juridica,ciudad,emprendimiento,Startup / empresa,Valencia,,,,,,,,,"Plataforma española regulada para comprar, vender y custodiar criptoactivos; se presenta como el primer exchange europeo registrado con autorización MiCA.",https://bit2me.com/,linkedin: https://linkedin.com/company/bit2me | x: https://x.com/Bit2Me | instagram: https://www.instagram.com/bit2me | youtube: https://www.youtube.com/@Bit2MeOfficial | facebook: https://facebook.com/bit2me | telegram: https://t.me/Bit2Me_ES,,,cripto; fintech,V,,https://bit2me.com/,nuevo,
p073,Sesame HR,juridica,ciudad,tecnologia,Startup / empresa,Valencia,"Base 1, La Marina de València, C/ de la Travessia, 46024 València",sede,1,4,Ciutat de València,Marítim–Est,39.4564,-0.3287,"Software de recursos humanos: control horario, ausencias, desempeño.",https://www.sesamehr.es/,linkedin: https://es.linkedin.com/company/sesamehr | instagram: https://www.instagram.com/sesame_hr/ | facebook: https://www.facebook.com/sesamehr | youtube: https://www.youtube.com/channel/UCDkKd1M7DOqcwHDzmpsKCCw | tiktok: https://www.tiktok.com/@sesame_hr,,Clientes: más de 20.000 | Teléfono: +34 960 62 73 51,SaaS; RRHH,V,,https://www.sesamehr.es/,nuevo,
p074,Sales Layer,juridica,ciudad,tecnologia,Startup / empresa,Valencia,"C/ del Cronista Carreres 11, Ciutat Vella, 46003 València",sede,1,1,Ciutat de València,Ciutat Vella,39.472,-0.3785,"PIM en la nube con IA agéntica para gestionar, enriquecer y distribuir información de producto en varios canales e idiomas.",https://www.saleslayer.com/,linkedin: https://www.linkedin.com/company/sales-layer/ | x: https://twitter.com/SalesLayer | youtube: https://www.youtube.com/SalesLayer,,,SaaS; PIM,V,,https://www.saleslayer.com/,nuevo,
p075,ClimateTrade,juridica,ciudad,publico,Startup / empresa,Valencia,,,,,,,,,Marketplace de compensación de emisiones con trazabilidad blockchain.,https://climatetrade.com/,linkedin: https://www.linkedin.com/company/climatetrade | x: https://twitter.com/climatetrade | instagram: https://www.instagram.com/climatetrade_/ | youtube: https://www.youtube.com/channel/UCyvm5i8SL7rjgXJUzAJT_jg | facebook: https://www.facebook.com/people/ClimateTrade/100068503657878/,Francisco Benedito,Movimiento corporativo: adquirió TeamClimate para ofrecer compensación de carbono por suscripción | Presencia: València y Miami,climate tech,V,,https://climatetrade.com/,nuevo,
p076,Criptan,juridica,ciudad,emprendimiento,Startup / empresa,Valencia,,,,,,,,,"App española de criptoactivos registrada en el Banco de España: compra de Bitcoin, USDC, ETH y EURC, con rentabilidad fija o flexible mediante Earn.",https://criptan.com/,linkedin: https://www.linkedin.com/company/criptan/ | x: https://x.com/criptanapp | instagram: https://www.instagram.com/criptanapp/ | youtube: https://www.youtube.com/channel/UCfAcbgVVtRy6ngJDgD1k_5A | telegram: https://t.me/criptanoficial,,,cripto; fintech,V,,https://criptan.com/,nuevo,
p077,Streamloots,juridica,ciudad,entretenimiento,Startup / empresa,Valencia,,,,,,,,,Plataforma de monetización para creadores en directo: cartas y herramientas interactivas para generar ingresos en varias plataformas de streaming.,https://streamloots.com/,x: https://twitter.com/streamloots/ | instagram: https://www.instagram.com/streamloots/ | youtube: https://www.youtube.com/c/StreamlootsEN/ | twitch: https://www.twitch.tv/streamloots/,,,creator economy; gaming,V,,https://streamloots.com/,nuevo,
p078,Witrac,juridica,ciudad,tecnologia,Startup / empresa,Valencia,,,,,,,,,IoT industrial y trazabilidad de activos en tiempo real.,,,,,IoT; industria 4.0,V,,,nuevo,
p079,iPronics,juridica,ciudad,tecnologia,Startup / empresa,Valencia,"Camí de Vera s/n, 46022 València",sede,1,4,Ciutat de València,Marítim–Est,39.4812,-0.3408,Fotónica de silicio para redes ópticas programables en centros de datos de IA; su plataforma iPronics ONE hace conmutación de circuitos ópticos. Spin-off de la UPV.,https://ipronics.com/,linkedin: https://www.linkedin.com/company/ipronics/ | x: https://x.com/iPronics,,,fotónica; deep tech,V,,https://ipronics.com/,nuevo,
p080,Corify Care,juridica,ciudad,salud,Startup / empresa,Valencia,,,,,,,,,Tecnología médica no invasiva para el diagnóstico y tratamiento de arritmias cardiacas.,,,,,medtech; cardiología,V,,,nuevo,
p081,Arthex Biotech,juridica,ciudad,salud,Startup / empresa,Valencia,,,,,,,,,Terapias basadas en ARN para enfermedades genéticas raras.,,,,,biotech; ARN,V,,,nuevo,
p082,Evolving Therapeutics,juridica,ciudad,salud,Startup / empresa,Valencia,Av. de Blasco Ibáñez 13,sede,1,4,Ciutat de València,Marítim–Est,39.479,-0.348,Spin-off de la Universitat de València; terapia con fagos frente a bacterias resistentes a antibióticos.,,,,,biotech; spin-off,V,,,nuevo,
p083,Rosita Longevity,juridica,ciudad,salud,Startup / empresa,Valencia,,,,,,,,,App de longevidad saludable con planes personalizados de ejercicio y nutrición.,,,,,longevidad; healthtech,V,,,nuevo,
p084,Progevita,juridica,ciudad,salud,Startup / empresa,Valencia,,,,,,,,,Biotecnología aplicada a la longevidad.,,,,,longevidad; biotech,V,,,nuevo,
p085,Arkadia Space,juridica,ciudad,tecnologia,Startup / empresa,Valencia,,,,,,,,,Propulsión verde para satélites con combustibles no tóxicos.,,,,,espacio; deep tech,V,,,nuevo,
p086,PLD Space,juridica,ciudad,tecnologia,Startup / empresa,Valencia,,,,,,,,,"Lanzadores reutilizables para pequeños satélites, desde Elche. Referente del New Space español.",,,,,espacio; Elche,V,,,nuevo,
p087,Kenmei Technologies,juridica,ciudad,tecnologia,Startup / empresa,Valencia,,,,,,,,,IA para la optimización y automatización de redes de telecomunicaciones.,,,,,IA; telco,V,,,nuevo,
p088,Aunoa,juridica,ciudad,tecnologia,Startup / empresa,Valencia,,,,,,,,,Automatización de atención al cliente con agentes conversacionales de IA.,,,,,IA; customer service,V,,,nuevo,
p089,AllRead,juridica,ciudad,tecnologia,Startup / empresa,Valencia,,,,,,,,,Visión artificial para la lectura automática de datos en entornos industriales y logísticos.,,,,,visión artificial; logística,V,,,nuevo,
p090,Flowww,juridica,ciudad,salud,Startup / empresa,Valencia,"C/ Loreto 2, 46701 Gandia (València)",,0,,Fora de la rejilla,,,,"Software para estética, medicina estética y salud: gestión de clínica, marketing y relación con el paciente en un ecosistema digital integrado.",https://www.flowww.es/,linkedin: https://www.linkedin.com/company/flowww-digital-ecosystem | x: https://twitter.com/flowww_es | instagram: https://www.instagram.com/flowww_es | facebook: https://www.facebook.com/flowwwES | pinterest: https://www.pinterest.com/flowwwespana/,,Teléfono: +34 962 96 37 27,SaaS; clínicas,V,"sede en Gandia, fuera de la rejilla",https://www.flowww.es/,nuevo,
p091,Fourvenues,juridica,ciudad,entretenimiento,Startup / empresa,Valencia,,,,,,,,,"Plataforma que centraliza ticketing, TPV, taquilla y reservas con datos en tiempo real para discotecas, festivales y eventos.",https://fourvenues.com/,linkedin: https://es.linkedin.com/company/fourvenues-venue-management-software | instagram: https://www.instagram.com/fourvenues/ | tiktok: https://www.tiktok.com/@fourvenues | youtube: https://www.youtube.com/@fourvenues,Draper B1,,ocio nocturno; SaaS,V,,https://fourvenues.com/,nuevo,
p092,Imperia SCM,juridica,ciudad,tecnologia,Startup / empresa,Valencia,,,,,,,,,Software de planificación de cadena de suministro con IA nativa para previsión de demanda: reduce inventario y mejora productividad y nivel de servicio.,https://imperiascm.com/,linkedin: https://www.linkedin.com/company/imperia-scm | x: https://x.com/imperiascm | instagram: https://www.instagram.com/imperiascm/ | youtube: https://www.youtube.com/@imperiascm_en,,,supply chain; SaaS,A,la web sólo publica dirección en Reino Unido,https://imperiascm.com/,nuevo,
p093,Rudo,juridica,ciudad,tecnologia,Startup / empresa,Valencia,,,,,,,,,Software industrial para digitalizar plantas y elevar la productividad.,,,,,industria 4.0,V,,,nuevo,
p094,Uelz,juridica,ciudad,emprendimiento,Startup / empresa,Valencia,,,,,,,,,Automatización del cobro de pagos recurrentes y suscripciones.,,,,,fintech; pagos,V,,,nuevo,
p095,Wenalyze,juridica,ciudad,emprendimiento,Startup / empresa,Valencia,"C/ Álvaro de Bazán 10 (GoHub), 46010 València",sede,1,2,Ciutat de València,Eixample–Extramurs,39.4757,-0.3648,Enriquecimiento de datos financieros a partir de transacciones y pagos en banca digital abierta; automatiza la gestión de gastos corporativos sin tickets ni partes manuales.,https://www.wenalyze.com/,linkedin: https://www.linkedin.com/company/wenalyze | youtube: https://www.youtube.com/channel/UCYtV6vVCxYiQIlw1tY2VfrQ,,"Teléfono: +34 963 318 766 | Sede: GoHub, Álvaro de Bazán 10",insurtech; datos,V,,https://www.wenalyze.com/,nuevo,
p096,Inversiva,juridica,ciudad,emprendimiento,Startup / empresa,Valencia,,,,,,,,,Inversión inmobiliaria digital y fraccionada.,,,,,proptech; fintech,V,,,nuevo,
p097,PropHero,juridica,ciudad,emprendimiento,Startup / empresa,Valencia,,,,,,,,,Inversión inmobiliaria asistida por datos en España y Australia.,,,,,proptech,V,,,nuevo,
p098,CoverWallet,juridica,ciudad,emprendimiento,Startup / empresa,Valencia,,,,,,,,,"Seguros digitales para pymes y autónomos, fundada por el valenciano Iñaki Berenguer y adquirida por Aon.",,,,,insurtech; exit,V,,,nuevo,
p099,GuruWalk,juridica,ciudad,entretenimiento,Startup / empresa,Valencia,,,,,,,,,Marketplace global de free tours que conecta viajeros con guías locales.,https://www.guruwalk.com/,instagram: https://www.instagram.com/guruwalk | tiktok: https://www.tiktok.com/@guruwalk | youtube: https://www.youtube.com/channel/UCCe5x6fnK9CQVHjnS8Kj18g | facebook: https://www.facebook.com/guruwalk,,,turismo; marketplace,V,,https://www.guruwalk.com/,nuevo,
p100,Singularu,juridica,ciudad,emprendimiento,Startup / empresa,Valencia,"C/ Colón 20, puerta 14, 46004 València",sede,1,2,Ciutat de València,Eixample–Extramurs,39.4692,-0.3706,"Joyería para mujer en plata de ley 925 reciclada y baño de oro de 18 kt, nativa digital y con tienda física.",https://www.singularu.com/,instagram: https://instagram.com/singularu | x: https://twitter.com/Singularu_es | tiktok: https://www.tiktok.com/@singularu | youtube: https://www.youtube.com/@Singularuoficial | facebook: https://www.facebook.com/singularu | pinterest: https://www.pinterest.com/singularu/,Cristina Aristoy,,retail; moda,V,,https://www.singularu.com/,nuevo,
p101,Tuvalum,juridica,ciudad,entretenimiento,Startup / empresa,Valencia,,,,,,,,,Marketplace de bicicletas de segunda mano certificadas.,,,,,marketplace; deporte,V,,,nuevo,
p102,BigBuy,juridica,ciudad,emprendimiento,Startup / empresa,Valencia,,,,,,,,,Mayorista de dropshipping con stock en Europa y envío en 24 h; plataforma integrada con más de 200 canales de venta online.,https://www.bigbuy.eu/,linkedin: https://www.linkedin.com/company/bigbuy-commerce/ | instagram: https://www.instagram.com/bigbuy_commerce/ | x: https://twitter.com/BigBuy_Commerce | youtube: https://www.youtube.com/@BigBuy_Commerce | facebook: https://www.facebook.com/BigBuy.Commerce/ | pinterest: https://www.pinterest.es/BigBuy_Commerce/,Víctor P. Armanini,,ecommerce; B2B,V,,https://www.bigbuy.eu/,nuevo,
p103,Declarando,juridica,ciudad,emprendimiento,Startup / empresa,Valencia,,,,,,,,,"Asesoría fiscal online y software para autónomos: facturación, impuestos y renta, con foco en maximizar deducciones. Hoy integrada en Visma en España.",https://declarando.es/,linkedin: https://www.linkedin.com/company/declarando/ | x: https://twitter.com/declarando_es | instagram: https://www.instagram.com/declarando_es/ | youtube: https://www.youtube.com/channel/UCTcZVPCLuKz-HU3eXoxiM1Q | facebook: https://www.facebook.com/declarando.es/,Marta Zaragozá,Correo: hola@declarando.es | Teléfono: +34 964 800 301 | Grupo: Visma en España,fintech; fiscal,V,,https://declarando.es/,nuevo,
p104,Jeff,juridica,ciudad,emprendimiento,Startup / empresa,Valencia,,,,,,,,,"Franquicias de servicios de proximidad (lavandería, belleza, fitness) escaladas desde Valencia.",,,,,franquicia; servicios,V,,,nuevo,
p105,Blinkfire Analytics,juridica,ciudad,entretenimiento,Startup / empresa,Valencia,,,,,,,,,Analítica de medios y patrocinio deportivo con IA.,,,,,sports tech; IA,V,,,nuevo,
p106,Frenetic,juridica,ciudad,tecnologia,Startup / empresa,Valencia,,,,,,,,,Diseño y fabricación inteligente de componentes magnéticos para electrónica de potencia.,,,,,hardware; energía,V,,,nuevo,
p107,Matteco,juridica,ciudad,tecnologia,Startup / empresa,Valencia,,,,,,,,,Materiales avanzados para la producción de hidrógeno verde. Proyecto de Iker Marcaide.,,,,,hidrógeno; materiales,V,,,nuevo,
p108,Cuatroochenta,juridica,ciudad,tecnologia,Startup / empresa,Valencia,,,,,,,,,"Holding tecnológico internacional de soluciones cloud y ciberseguridad en España y Latinoamérica, que adquiere y escala compañías tecnológicas. Cotiza en BME Growth.",https://www.cuatroochenta.com/,linkedin: https://www.linkedin.com/company/cuatroochenta-com | x: https://twitter.com/Cuatroochenta | instagram: https://www.instagram.com/480cuatroochenta/ | youtube: https://www.youtube.com/user/Cuatroochenta480 | facebook: https://www.facebook.com/cuatroochenta | telegram: https://t.me/cuatroochenta | spotify: https://open.spotify.com/show/5tMKmeiQlKlyZC2qC8TyTb,,Teléfono: 964 102 835,software; cotizada,V,,https://www.cuatroochenta.com/,nuevo,
p109,Nayar Systems,juridica,ciudad,tecnologia,Startup / empresa,Valencia,"Avinguda Casalduch 9, 12005 Castelló de la Plana",,0,,Fora de la rejilla,,,,"Ingeniería de telecomunicaciones especializada en soluciones IoT para el sector del ascensor y sistemas industriales, con presencia en 31 países.",https://www.nayarsystems.com/,linkedin: https://www.linkedin.com/company/nayarsystems/ | x: https://twitter.com/NayarSystems | instagram: https://www.instagram.com/nayarsystems/ | youtube: https://www.youtube.com/user/advertisim | facebook: https://www.facebook.com/NayarSystems/,,,IoT; telco,V,"sede en Castelló, fuera de la rejilla",https://www.nayarsystems.com/,nuevo,
p110,Secture,juridica,ciudad,tecnologia,Startup / empresa,Valencia,,,,,,,,,"Desarrollo de producto digital, ciberseguridad e IA.",,,,,ciberseguridad; IA,V,,,nuevo,
p111,PlayFilm,juridica,ciudad,arte,Startup / empresa,Valencia,,,,,,,,,Vídeo interactivo y captación de datos para marcas.,,,,,audiovisual; martech,V,,,nuevo,
p112,Mojito360,juridica,ciudad,tecnologia,Startup / empresa,Valencia,,,,,,,,,Trazabilidad y gestión logística digital.,,,,,logística,V,,,nuevo,
p113,Controliza,juridica,ciudad,tecnologia,Startup / empresa,Valencia,,,,,,,,,Automatización y control industrial.,,,,,industria 4.0,V,,,nuevo,
p114,Dekalabs,juridica,ciudad,tecnologia,Startup / empresa,Valencia,,,,,,,,,Desarrollo de producto digital y blockchain.,,,,,blockchain; software,V,,,nuevo,
p115,Aktion Legal,juridica,ciudad,emprendimiento,Startup / empresa,Valencia,,,,,,,,,"Servicios jurídicos especializados en startups, inversión y venture capital.",,,,,legal,V,,,nuevo,
p116,Tbig Finance,juridica,ciudad,emprendimiento,Startup / empresa,Valencia,,,,,,,,,Servicios financieros y CFO externo para startups.,,,,,finanzas,V,,,nuevo,
p117,Vibex Ventures,juridica,ciudad,emprendimiento,Startup / empresa,Valencia,,,,,,,,,Fondo de inversión en ciudades sostenibles y proptech.,,,,,VC; sostenibilidad,V,,,nuevo,
p118,RX Longevity,juridica,ciudad,salud,Startup / empresa,Valencia,,,,,,,,,Proyecto de longevidad y salud preventiva.,,,,,longevidad,V,,,nuevo,
p119,Inesfly,juridica,ciudad,salud,Startup / empresa,Valencia,,,,,,,,,"Tecnología de micro-encapsulado en pinturas insecticidas contra vectores de enfermedades, creada por Pilar Mateo.",,,,,salud global; química,V,,,nuevo,
p120,IIS La Fe,juridica,ciudad,salud,Instituto de investigación sanitaria,Hospital Universitari i Politècnic La Fe,Av. de Fernando Abril Martorell 106,sede,1,5,Ciutat de València,Sud,39.442,-0.3785,"Principal instituto de investigación sanitaria de la Comunitat: ensayos clínicos, terapias avanzadas e innovación hospitalaria.",https://www.iislafe.es/,linkedin: https://www.linkedin.com/company/instituto-de-investigaci-n-sanitaria-la-fe | x: https://www.twitter.com/IISLaFe | instagram: https://www.instagram.com/iislafe/ | youtube: https://www.youtube.com/channel/UCJzj93nLLKLTCJFG-Li6scA | facebook: https://www.facebook.com/IISLaFe,,,investigación; hospital,V,,https://www.iislafe.es/es/,nuevo,
p121,INCLIVA,juridica,ciudad,salud,Instituto de investigación sanitaria,Hospital Clínico Universitario de València,Av. de Blasco Ibáñez 13,sede,1,4,Ciutat de València,Marítim–Est,39.479,-0.348,Instituto de investigación biomédica del Clínico y la Universitat de València.,https://www.incliva.es/,linkedin: https://www.linkedin.com/company/incliva-instituto-de-investigaci%C3%B3n-sanitaria | x: https://twitter.com/incliva_iis | instagram: https://www.instagram.com/iisincliva/ | youtube: https://www.youtube.com/channel/UCK4VZ1QZSUBeCO3KpZtSmgQ,,,investigación; hospital,V,,https://www.incliva.es/,nuevo,
p122,FISABIO,juridica,ciudad,salud,Fundación de investigación,Conselleria de Sanitat,,,,,,,,,Fundación para el fomento de la investigación sanitaria y biomédica de la Comunitat Valenciana.,,linkedin: https://es.linkedin.com/company/fisabio,,,investigación; salud pública,E,,,nuevo,
p123,Centro de Investigación Príncipe Felipe (CIPF),juridica,ciudad,salud,Centro de investigación,Ciudad de las Ciencias,C/ Eduardo Primo Yúfera 3,sede,1,5,Ciutat de València,Sud,39.4562,-0.353,Centro de investigación biomédica; participa en el proyecto estatal de Medicina Predictiva y Ciencia de Datos con más de 100 instituciones.,https://www.cipf.es/,linkedin: https://es.linkedin.com/company/cipf,,,biomedicina; datos,V,,https://www.cipf.es/,nuevo,
p124,Red de fundaciones de investigación en salud CV,juridica,ciudad,salud,Red pública,Conselleria de Sanitat,Av. de Fernando Abril Martorell 106,sede,1,5,Ciutat de València,Sud,39.442,-0.3785,"Red conjunta que coordina IIS La Fe, INCLIVA, FISABIO y el resto de fundaciones sanitarias valencianas.",,,,,investigación; coordinación,V,,,nuevo,
p125,Instituto de Biomecánica de Valencia (IBV),juridica,ciudad,salud,Centro tecnológico,UPV,"Camí de Vera s/n, 46022 València",sede,1,4,Ciutat de València,Marítim–Est,39.4812,-0.3408,"Biomecánica aplicada a salud, deporte, ergonomía y producto.",,,,,biomecánica; I+D,E,,,nuevo,
p126,IVAM,juridica,ciudad,arte,Museo de arte moderno,Guillem de Castro,"C/ Guillem de Castro 118, 46003 València",sede,1,1,Ciutat de València,Ciutat Vella,39.4796,-0.3838,Institut Valencià d'Art Modern. Colección permanente centrada en Julio González y programa temporal de primer nivel internacional.,https://ivam.es/,x: https://twitter.com/gva_IVAM | instagram: https://instagram.com/gva_ivam/ | youtube: https://www.youtube.com/channel/UCAwyt1_MtPkdCOL427Lsm6w | tiktok: https://www.tiktok.com/@ivam_gva | facebook: https://es-es.facebook.com/gvaIVAM,Institut Valencià de Cultura (IVC) | Centre del Carme Cultura Contemporània (CCCC),"Dirección: C/ Guillem de Castro 118, 46003 València | Horario: martes a domingo de 10:00 a 19:00 · lunes cerrado",museo; arte contemporáneo,V,,https://ivam.es/es/,nuevo,
p127,Centre del Carme Cultura Contemporània (CCCC),juridica,ciudad,arte,Centro de arte,Consorci de Museus,C/ Museu 2 (Convent del Carme),sede,1,1,Ciutat de València,Ciutat Vella,39.48,-0.382,"Antiguo convento del Carmen convertido en centro de cultura contemporánea, con programación expositiva y de mediación.",https://www.consorcimuseus.gva.es/centre-del-carme/,facebook: https://www.facebook.com/ConsorciMuseusCV | x: https://twitter.com/consorciomuseos | instagram: https://www.instagram.com/gva_consorcimuseus/ | youtube: https://www.youtube.com/channel/UCwSI-KkYGUVN2aU7HTjqfmQ,,,museo; contemporáneo,E,"redes del Consorci de Museus, no propias del CCCC",https://www.consorcimuseus.gva.es/centre-del-carme/,nuevo,
p128,Bombas Gens — Centre d'Arts Digitals,juridica,ciudad,arte,Centro de arte digital,Marxalenes,"Av. de Burjassot 54-56, 46009 València",sede,1,3,Ciutat de València,Nord,39.4823,-0.3906,Antigua fábrica art déco reconvertida en centro de artes digitales e inmersivas. Su web anuncia reapertura en el otoño de 2026.,https://bombasgens.com/,instagram: https://www.instagram.com/bombasgens/ | x: https://twitter.com/BombasGens | tiktok: https://www.tiktok.com/@bombasgens | facebook: https://www.facebook.com/BombasGens/,,"Estado: cerrado; reapertura anunciada para el otoño de 2026 | Dirección: Av. de Burjassot 54-56, 46009 València",arte digital; inmersivo,V,,https://bombasgens.com/,nuevo,
p129,Centre d'Art Hortensia Herrero (CAHH),juridica,ciudad,arte,Centro de arte,Palau de Valeriola,C/ del Mar 31 (Palau de Valeriola),sede,1,1,Ciutat de València,Ciutat Vella,39.4747,-0.376,Centro de arte contemporáneo impulsado por Hortensia Herrero con obra de artistas internacionales y restos arqueológicos in situ.,https://www.cahh.es/,,Hortensia Herrero | Javier Molins,,arte contemporáneo; mecenazgo,E,,https://www.cahh.es/,nuevo,
p130,Palau de les Arts Reina Sofia,juridica,ciudad,arte,Ópera y danza,Ciutat de les Arts i les Ciències,Av. del Professor López Piñero 1,sede,1,5,Ciutat de València,Sud,39.458,-0.3562,Teatro de ópera de la ciudad. Temporada 2026-2027 con cuatro nuevas producciones y ciclo Viernes de Danza.,https://www.lesarts.com/,x: https://x.com/LesArtsValencia | instagram: https://www.instagram.com/LesArtsValencia | youtube: https://www.youtube.com/user/PalaudelesartsRS | facebook: https://www.facebook.com/LesArtsValencia | spotify: https://open.spotify.com/user/cbdyajhxpl8ao5dv79l5ssk8z,Institut Valencià de Cultura (IVC) | Palau de la Música de València,Salas: Sala Principal · Auditori · Teatre Martín i Soler | Temporada 26/27: cuatro nuevas producciones operísticas y ciclo Viernes de Danza,ópera; danza,V,,https://www.lesarts.com/,nuevo,
p131,Palau de la Música de València,juridica,ciudad,arte,Auditorio,Jardí del Túria,"Passeig de l'Albereda 30, 46023 València",sede,1,2,Ciutat de València,Eixample–Extramurs,39.4703,-0.3672,Sede de la Orquesta de València. En 2026/27 celebra su 40 aniversario con ~60 conciertos y las grandes orquestas europeas.,https://www.palauvalencia.com/,x: https://x.com/palaumusicavlc | instagram: https://www.instagram.com/palaumusicavlc | youtube: https://www.youtube.com/channel/UCfJ5P5PZ7w9aqa2kU3sRsVg | facebook: https://www.facebook.com/palaumusicavlc,,,música clásica; orquesta,V,,https://www.palauvalencia.com/,nuevo,
p132,Institut Valencià de Cultura (IVC),juridica,ciudad,arte,Organismo cultural,Generalitat Valenciana,Plaça de Manises 1 (Palau de la Generalitat),sede,1,1,Ciutat de València,Ciutat Vella,39.476,-0.378,"Gestiona teatros, filmoteca, festivales y ayudas al audiovisual y a las artes escénicas valencianas.",https://ivc.gva.es/,x: https://twitter.com/GVAivc | instagram: https://www.instagram.com/institutvalenciadecultura/ | youtube: https://www.youtube.com/channel/UCOJWX2GnBA8M8z0Uvajh86Q | facebook: https://www.facebook.com/GVAInstitutValenciadeCultura/,,,público; cultura,V,,https://ivc.gva.es/,nuevo,
p133,La Rambleta,juridica,ciudad,entretenimiento,Centro cultural,Sant Marcel·lí,Bulevard Sud / C/ Pio IX 47,sede,1,5,Ciutat de València,Sud,39.4487,-0.396,Espacio escénico y musical de programación independiente en el sur de la ciudad.,,,,,música; teatro,E,,,nuevo,
p134,Roig Arena,juridica,ciudad,entretenimiento,Pabellón multiusos,Av. Hermanos Maristas,Av. dels Germans Maristes,sede,1,5,Ciutat de València,Sud,39.453,-0.3645,"Gran recinto de conciertos y deporte impulsado por Juan Roig, casa del Valencia Basket. Programación casi diaria de septiembre a octubre del año siguiente.",https://www.roigarena.com/es/,linkedin: https://www.linkedin.com/company/roig-arena-valencia/ | x: https://x.com/RoigArena | instagram: https://www.instagram.com/roig.arena/ | youtube: https://www.youtube.com/@roigarenavalencia | tiktok: https://www.tiktok.com/@roig.arena | facebook: https://www.facebook.com/roigarenavlc/,Juan Roig,Equipo residente: Valencia Basket | Usos: conciertos · competición deportiva · eventos corporativos · oferta gastronómica y hospitality,conciertos; deporte; Juan Roig,V,,https://www.roigarena.com/es/,nuevo,
p135,Alexander Liebreich,fisica,ciudad,arte,Director titular,Orquesta de València,,,,,,,,,Director titular de la Orquesta de València en la temporada del 40 aniversario del Palau.,,,,,música clásica,V,,,nuevo,
p136,Rinaldo Alessandrini,fisica,ciudad,arte,Principal director invitado,Orquesta de València,Pg. de l'Albereda 30,sede,1,2,Ciutat de València,Eixample–Extramurs,39.4703,-0.3672,Principal director invitado del Palau de la Música en 2026/27.,,,,,música clásica; barroco,V,,,nuevo,
p137,Helmut Lachenmann,fisica,ciudad,arte,Compositor residente,Palau de la Música,Pg. de l'Albereda 30,sede,1,2,Ciutat de València,Eixample–Extramurs,39.4703,-0.3672,Compositor residente de la temporada 2026/27 del Palau de la Música.,,,,,composición,V,,,nuevo,
p138,VLCTechHub,juridica,ciudad,tecnologia,Comunidad tech,Valencia,,,,,,,,,"Asociación que promueve las comunidades técnicas de València y alrededores: empleo de calidad, coordinación de eventos, acceso al conocimiento técnico, diversidad y colaboración. Organiza el VLC TechFest anual.",https://vlctechhub.org/,x: https://x.com/VLCTechHub | meetup: https://www.meetup.com/es-ES/vlctechhub | github: https://github.com/VLCTechHub/ | slack: https://slack.vlctechhub.org/,,"Correo: hola@vlctechhub.org | Evento propio: VLC TechFest, encuentro anual de todas las comunidades",meetup; comunidad,V,,https://vlctechhub.org/,nuevo,
p139,ValenciaJS,juridica,ciudad,tecnologia,Comunidad tech,Valencia,,,,,,,,,JavaScript y desarrollo front-end. Comunidad abierta con encuentros periódicos en Valencia.,https://www.meetup.com/es-es/valenciajs/,meetup: https://www.meetup.com/es-es/valenciajs/,,,meetup; comunidad,V,,,nuevo,
p140,Python Valencia,juridica,ciudad,tecnologia,Comunidad tech,Valencia,,,,,,,,,"Python, datos y automatización. Comunidad abierta con encuentros periódicos en Valencia.",https://www.meetup.com/python-valencia-meetup/,meetup: https://www.meetup.com/python-valencia-meetup/,,,meetup; comunidad,V,,,nuevo,
p141,PyLadies Valencia,juridica,ciudad,tecnologia,Comunidad tech,Valencia,,,,,,,,,Mujeres en Python y ciencia de datos. Comunidad abierta con encuentros periódicos en Valencia.,https://www.meetup.com/pyladies-valencia/,meetup: https://www.meetup.com/pyladies-valencia/,,,meetup; comunidad,V,,,nuevo,
p142,GDG Valencia,juridica,ciudad,tecnologia,Comunidad tech,Valencia,,,,,,,,,"Tecnologías Google: Android, Cloud, IA. Comunidad abierta con encuentros periódicos en Valencia.",https://www.meetup.com/gdgvalencia/,meetup: https://www.meetup.com/gdgvalencia/,,,meetup; comunidad,V,,,nuevo,
p143,WTM Valencia — Women Techmakers,juridica,ciudad,tecnologia,Comunidad tech,Valencia,,,,,,,,,"Mujeres en tecnología, con eventos anuales de referencia. Comunidad abierta con encuentros periódicos en Valencia.",https://womentechmakersvalencia.com/,,,,meetup; comunidad,V,,,nuevo,
p144,Valencia DevOps,juridica,ciudad,tecnologia,Comunidad tech,Valencia,,,,,,,,,"DevOps, plataformas y fiabilidad. Comunidad abierta con encuentros periódicos en Valencia.",https://www.meetup.com/es-ES/Valencia-DevOps/,meetup: https://www.meetup.com/es-ES/Valencia-DevOps/,,,meetup; comunidad,V,,,nuevo,
p145,AWS User Group Valencia,juridica,ciudad,tecnologia,Comunidad tech,Valencia,,,,,,,,,Amazon Web Services y arquitectura cloud. Comunidad abierta con encuentros periódicos en Valencia.,https://www.meetup.com/es-ES/AWS-Valencia/,meetup: https://www.meetup.com/es-ES/AWS-Valencia/,,,meetup; comunidad,V,,,nuevo,
p146,ValenciaJUG,juridica,ciudad,tecnologia,Comunidad tech,Valencia,,,,,,,,,Java y ecosistema JVM. Comunidad abierta con encuentros periódicos en Valencia.,https://www.meetup.com/es-ES/ValenciaJUG/,meetup: https://www.meetup.com/es-ES/ValenciaJUG/,,,meetup; comunidad,V,,,nuevo,
p147,PHP Valencia,juridica,ciudad,tecnologia,Comunidad tech,Valencia,,,,,,,,,PHP y desarrollo web. Comunidad abierta con encuentros periódicos en Valencia.,http://phpvalencia.es/,,,,meetup; comunidad,V,,,nuevo,
p148,Socarrust,juridica,ciudad,tecnologia,Comunidad tech,Valencia,,,,,,,,,Lenguaje Rust. Comunidad abierta con encuentros periódicos en Valencia.,https://www.meetup.com/es-ES/socarrust/,meetup: https://www.meetup.com/es-ES/socarrust/,,,meetup; comunidad,V,,,nuevo,
p149,VlcGophers,juridica,ciudad,tecnologia,Comunidad tech,Valencia,,,,,,,,,Lenguaje Go. Comunidad abierta con encuentros periódicos en Valencia.,https://www.meetup.com/es-ES/Valencia-Go-Meetup/,meetup: https://www.meetup.com/es-ES/Valencia-Go-Meetup/,,,meetup; comunidad,V,,,nuevo,
p150,Valencia.rb,juridica,ciudad,tecnologia,Comunidad tech,Valencia,,,,,,,,,Ruby y Rails. Comunidad abierta con encuentros periódicos en Valencia.,https://valenciarb.org/,,,,meetup; comunidad,V,,,nuevo,
p151,VueJS Valencia,juridica,ciudad,tecnologia,Comunidad tech,Valencia,,,,,,,,,Vue.js y front-end moderno. Comunidad abierta con encuentros periódicos en Valencia.,https://www.meetup.com/es-ES/VueJS-Valencia/,meetup: https://www.meetup.com/es-ES/VueJS-Valencia/,,,meetup; comunidad,V,,,nuevo,
p152,Valencia Software Crafters,juridica,ciudad,tecnologia,Comunidad tech,Valencia,,,,,,,,,"Artesanía del software, TDD y diseño. Comunidad abierta con encuentros periódicos en Valencia.",https://www.meetup.com/es-ES/Valencia-Software-Crafters/,meetup: https://www.meetup.com/es-ES/Valencia-Software-Crafters/,,,meetup; comunidad,V,,,nuevo,
p153,Hack&Beers Valencia,juridica,ciudad,tecnologia,Comunidad tech,Valencia,,,,,,,,,Ciberseguridad en formato charla informal. Comunidad abierta con encuentros periódicos en Valencia.,https://hackandbeers.es/,,,,meetup; comunidad,V,,,nuevo,
p154,HackNight Valencia,juridica,ciudad,tecnologia,Comunidad tech,Valencia,,,,,,,,,Sesiones mensuales de hacking y seguridad. Comunidad abierta con encuentros periódicos en Valencia.,https://www.meetup.com/es-ES/HackNight-Valencia/,meetup: https://www.meetup.com/es-ES/HackNight-Valencia/,,,meetup; comunidad,V,,,nuevo,
p155,Hackerspace Valencia (HackVLC),juridica,ciudad,tecnologia,Comunidad tech,Valencia,,,,,,,,,"Makers, hardware libre y cultura open source. Comunidad abierta con encuentros periódicos en Valencia.",https://hackvlc.es/,,,,meetup; comunidad,V,,,nuevo,
p156,Databeers VLC,juridica,ciudad,tecnologia,Comunidad tech,Valencia,,,,,,,,,Ciencia de datos en formato charlas + cerveza. Comunidad abierta con encuentros periódicos en Valencia.,https://x.com/databeersvlc,x: https://x.com/databeersvlc,,,meetup; comunidad,V,,,nuevo,
p157,ML Valencia,juridica,ciudad,tecnologia,Comunidad tech,Valencia,,,,,,,,,Machine learning e inteligencia artificial. Comunidad abierta con encuentros periódicos en Valencia.,https://x.com/mlvlc,x: https://x.com/mlvlc,,,meetup; comunidad,V,,,nuevo,
p158,Agile Levante,juridica,ciudad,tecnologia,Comunidad tech,Valencia,,,,,,,,,Metodologías ágiles y producto. Comunidad abierta con encuentros periódicos en Valencia.,https://www.meetup.com/es-ES/Agile-Levante/,meetup: https://www.meetup.com/es-ES/Agile-Levante/,,,meetup; comunidad,V,,,nuevo,
p159,Ministry of Testing Valencia,juridica,ciudad,tecnologia,Comunidad tech,Valencia,,,,,,,,,Testing y calidad de software. Comunidad abierta con encuentros periódicos en Valencia.,https://www.ministryoftesting.com/,,,,meetup; comunidad,V,,,nuevo,
p160,TestNight Valencia,juridica,ciudad,tecnologia,Comunidad tech,Valencia,,,,,,,,,Encuentros de QA y automatización. Comunidad abierta con encuentros periódicos en Valencia.,https://www.meetup.com/es-ES/TestNight-VLC/,meetup: https://www.meetup.com/es-ES/TestNight-VLC/,,,meetup; comunidad,V,,,nuevo,
p161,Geoinquietos VLC,juridica,ciudad,tecnologia,Comunidad tech,Valencia,,,,,,,,,Tecnología geoespacial y datos abiertos. Comunidad abierta con encuentros periódicos en Valencia.,https://x.com/geoinquietosvlc,x: https://x.com/geoinquietosvlc,,,meetup; comunidad,V,,,nuevo,
p162,Avalbit,juridica,ciudad,tecnologia,Comunidad tech,Valencia,,,,,,,,,Bitcoin y blockchain. Comunidad abierta con encuentros periódicos en Valencia.,http://avalbit.org/,,,,meetup; comunidad,V,,,nuevo,
p163,meetmobile,juridica,ciudad,tecnologia,Comunidad tech,Valencia,,,,,,,,,Desarrollo y tecnología móvil. Comunidad abierta con encuentros periódicos en Valencia.,https://meetmobile.es/,,,,meetup; comunidad,V,,,nuevo,
p164,FemDevs,juridica,ciudad,tecnologia,Comunidad tech,Valencia,,,,,,,,,Mujeres en el desarrollo de videojuegos. Comunidad abierta con encuentros periódicos en Valencia.,https://femdevs.es/,,,,meetup; comunidad,V,,,nuevo,
p165,Valencia Interactive,juridica,ciudad,tecnologia,Comunidad tech,Valencia,,,,,,,,,Desarrollo de videojuegos y ocio interactivo. Comunidad abierta con encuentros periódicos en Valencia.,https://www.meetup.com/es-ES/ValenciaInteractive/,meetup: https://www.meetup.com/es-ES/ValenciaInteractive/,,,meetup; comunidad,V,,,nuevo,
p166,R-Ladies Valencia,juridica,ciudad,tecnologia,Comunidad tech,Valencia,,,,,,,,,Mujeres que programan en R. Comunidad abierta con encuentros periódicos en Valencia.,https://x.com/RLadiesValencia,x: https://x.com/RLadiesValencia,,,meetup; comunidad,V,,,nuevo,
p167,"Ladies, Wine & Design Valencia",juridica,ciudad,tecnologia,Comunidad tech,Valencia,,,,,,,,,Red de mujeres en diseño y creatividad. Comunidad abierta con encuentros periódicos en Valencia.,https://ladieswinedesign.com/valencia/,,,,meetup; comunidad,V,,,nuevo,
p168,devscola,juridica,ciudad,tecnologia,Comunidad tech,Valencia,,,,,,,,,Aprendizaje colaborativo de programación. Comunidad abierta con encuentros periódicos en Valencia.,https://www.meetup.com/es-ES/Aprende-a-programar-en-Valencia/,meetup: https://www.meetup.com/es-ES/Aprende-a-programar-en-Valencia/,,,meetup; comunidad,V,,,nuevo,
p169,WordPress Valencia,juridica,ciudad,tecnologia,Comunidad tech,Valencia,,,,,,,,,"WordPress, comunidad y WordCamp. Comunidad abierta con encuentros periódicos en Valencia.",http://www.wpvalencia.org/,,,,meetup; comunidad,V,,,nuevo,
p170,GNU/Linux Valencia,juridica,ciudad,tecnologia,Comunidad tech,Valencia,,,,,,,,,Software libre y sistemas. Comunidad abierta con encuentros periódicos en Valencia.,https://gnulinuxvalencia.org/,,,,meetup; comunidad,V,,,nuevo,
p171,Valencia Startups,juridica,ciudad,tecnologia,Comunidad tech,Valencia,,,,,,,,,Meetup abierto de emprendimiento y producto. Comunidad abierta con encuentros periódicos en Valencia.,https://www.meetup.com/es-ES/Valencia-Startups/,meetup: https://www.meetup.com/es-ES/Valencia-Startups/,,,meetup; comunidad,V,,,nuevo,
p172,gvSIG,juridica,ciudad,tecnologia,Comunidad tech,Valencia,,,,,,,,,Proyecto internacional de SIG libre nacido en Valencia. Comunidad abierta con encuentros periódicos en Valencia.,http://www.gvsig.org/,,,,meetup; comunidad,V,,,nuevo,
p173,Club de Encuentro Manuel Broseta,juridica,ciudad,publico,Foro cívico,València,,,,,,,,,"Foro de diálogo plural con 40 años de historia; coloquios con figuras políticas, económicas y culturales.",https://clubencuentro.es/,linkedin: https://es.linkedin.com/company/club-de-encuentro-manuel-broseta | x: https://twitter.com/ClubEncuentroMB | instagram: https://www.instagram.com/clubencuentromb/ | youtube: https://www.youtube.com/@clubdeencuentromanuelbrose4731 | facebook: https://www.facebook.com/ClubEncuentroMB,,,debate; sociedad civil,V,,https://clubencuentro.es/,nuevo,
p174,Ateneo Mercantil de València,juridica,ciudad,publico,Sociedad cultural,Plaça de l'Ajuntament,"Plaça de l'Ajuntament 18, 46002 València",sede,1,1,Ciutat de València,Ciutat Vella,39.47,-0.3757,"Tertulias, foros y secciones culturales; una de las instituciones de debate más antiguas de la ciudad.",https://ateneovalencia.es/,youtube: https://www.youtube.com/c/AteneoMercantildeValencia | facebook: https://ateneovalencia.es/website/social/facebook | x: https://ateneovalencia.es/website/social/twitter | linkedin: https://ateneovalencia.es/website/social/linkedin | instagram: https://ateneovalencia.es/website/social/instagram | tiktok: https://ateneovalencia.es/website/social/tiktok,,"Teléfono: 96 352 04 88 · 96 352 16 12 | Correo: ateneo@ateneovalencia.es | Qué ofrece: agenda cultural, conferencias, exposiciones, salas de eventos y restauración",tertulias; cultura,V,,https://ateneovalencia.es/,nuevo,
p175,Nueva Economía Fórum — Tribuna Mediterránea,juridica,ciudad,publico,Foro de debate,València,,,,,,,,,Ciclo de desayunos-coloquio Fórum Europa con líderes políticos y empresariales en Valencia.,https://www.nuevaeconomiaforum.org/temas/valencia,,,,debate; política,V,,,nuevo,
p176,Ajuntament de València — Participación Ciudadana,juridica,ciudad,publico,Administración local,—,Plaça de l'Ajuntament 1,sede,1,1,Ciutat de València,Ciutat Vella,39.4699,-0.3763,"Convoca subvenciones a entidades ciudadanas, gestiona el Debate del Estado de la Ciudad y los cauces de participación vecinal.",https://www.valencia.es/,,,,municipal; participación,V,,,nuevo,
p177,Fundació Horta Sud,juridica,ciudad,publico,Fundación de asociacionismo,L'Horta Sud,Horta Sud,sede,6,1,Horta Sud,Paiporta–Picanya,39.42,-0.405,Apoya el tejido asociativo de la comarca; muy activa en la respuesta social tras la DANA de 2024.,,,,,tercer sector; DANA,E,,,nuevo,
p178,Cátedra de Cultura Empresarial,juridica,ciudad,emprendimiento,Cátedra universitaria,ADEIT — Universitat de València,Av. de Blasco Ibáñez 13,sede,1,4,Ciutat de València,Marítim–Est,39.479,-0.348,Cátedra que conecta universidad y empresa; en su patronato figura Iker Marcaide.,https://catedraculturaempresarial.adeituv.es/,,,,universidad; empresa,V,,,nuevo,
p179,Terreta Hub,juridica,producto,emprendimiento,Producto · red social de València,Versa,,,,,,,,,"Red social de València: perfil, gente y lo que pasa en la ciudad. React 19 + Vite + TS + Supabase + Leaflet (repo Portuno/terretahub). Moneda blanda: Terris. Módulos: Ágora, Mapa, Miembros, Proyectos, Eventos, Propiedades, Biblioteca, L'Almoina, QR.",https://www.terretahub.com,x: https://twitter.com/terretahub,Versa Producciones | Lautaro Joaquín Sarni | Camila Verdún Lomba | El Fotográpher | Verlo Por Vos | Base44,"Qué es: «La red social de Valencia: perfil, gente y lo que pasa en la ciudad». La propia web aclara que no es un directorio de startups ni una red corporativa. | Módulos: Perfil · Ágora · Proyectos · Quedadas | Desambiguación: La web ya declara en público que Terreta Hub no está afiliada ni es la misma entidad que Terreta Business Hub S.L.",producto; comunidad; Versa,V,,https://www.terretahub.com/,nuevo,
p180,Lautaro Joaquín Sarni,fisica,producto,emprendimiento,Director / impulsor,Versa · Terreta Hub,,,,,,,,,Director de Versa Producciones e impulsor del producto Terreta Hub.,,,Terreta Hub | Versa Producciones | Camila Verdún Lomba,,fundador; Versa,V,,,nuevo,
p181,Camila Verdún Lomba,fisica,producto,arte,Versa · El Consultorio de Camila,Versa Producciones,,,,,,,,,Socia de Versa; ECDC (El Consultorio de Camila) funciona como puente de contenido y entrevistas.,,,Versa Producciones | Terreta Hub | El Fotográpher,,audiovisual; contenido,V,,,nuevo,
p182,Versa Producciones,juridica,producto,arte,Estudio creativo / productora,València,,,,,,,,,"Estudio creativo valenciano. Productor de El Fotográpher y puente cultural-audiovisual; en su web, Terreta Hub figura como «Red Social Valenciana / Epicentre».",,,Terreta Hub | El Fotográpher | Lautaro Joaquín Sarni | Camila Verdún Lomba,,audiovisual; productora,V,,,nuevo,
p183,El Fotográpher,juridica,producto,arte,Proyecto audiovisual,Versa Producciones,,,,,,,,,"Proyecto audiovisual de Versa, visible también como proyecto en la galería de Terreta Hub.",,,,,audiovisual,V,,,nuevo,
p184,Verlo Por Vos,juridica,producto,arte,Proyecto,Terreta Hub,,,,,,,,,Proyecto publicado en la galería de Terreta Hub.,,,,,proyecto,V,,,nuevo,
p185,Base44,juridica,producto,tecnologia,Sponsor de evento,VibeHack,,,,,,,,,Citada como patrocinadora de VibeHack en la comunicación de Terreta Hub. No implica alianza permanente del producto.,,,,,sponsor,V,,,nuevo,
p186,Terreta Business Hub S.L.,juridica,producto,emprendimiento,Homónimo — NO confundir,CIF B56471238,,,,,,,,,"Consultoría constituida en 2023, sin relación con el producto Terreta Hub. Colisión de marca: mantener fuera del grafo de partners y del CRM.",,linkedin: https://es.linkedin.com/company/terreta-business-hub,,,colisión de marca; excluir,V,no confundir,,nuevo,
p187,Marta Nogueras,fisica,ciudad,emprendimiento,Directora general,Lanzadera,La Marina de València,sede,1,4,Ciutat de València,Marítim–Est,39.4585,-0.3285,Directora general de Lanzadera. Cara pública de la hornada de 124 startups y del nuevo edificio de Marina de Empresas.,https://lanzadera.es/team/marta-nogueras/,linkedin: https://es.linkedin.com/in/marta-nogueras,Lanzadera | Marina de Empresas,,aceleradora; Lanzadera,V,,https://lanzadera.es/team/marta-nogueras/,nuevo,
p188,Hortensia Roig,fisica,ciudad,emprendimiento,Presidenta,EDEM Escuela de Empresarios,La Marina de València,sede,1,4,Ciutat de València,Marítim–Est,39.4585,-0.3285,"Preside EDEM, la escuela de empresarios de Marina de Empresas. No confundir con Hortensia Herrero (Fundación Hortensia Herrero).",https://edem.eu/,linkedin: https://es.linkedin.com/in/hortensiaroigherrero,EDEM Escuela de Empresarios | Marina de Empresas,,formación; EDEM,V,,https://es.linkedin.com/in/hortensiaroigherrero,nuevo,
p189,Ana Giménez,fisica,ciudad,emprendimiento,Directora de Marketing y Comunicación,Marina de Empresas,La Marina de València,sede,1,4,Ciutat de València,Marítim–Est,39.4585,-0.3285,Portavoz de Marina de Empresas en la comunicación de la ampliación del campus.,,,,,comunicación; Marina de Empresas,E,,,nuevo,
p190,The Terminal Hub,juridica,ciudad,emprendimiento,Hub de innovación,Antigua Estación Marítima · La Marina,"C. de la Travessia, Poblats Marítims, 46024 València",sede,1,4,Ciutat de València,Marítim–Est,39.4592,-0.327,"Más de 5.000 m² en la antigua Estación Marítima del puerto, reconvertida en epicentro de innovación, creación y talento dentro del Valencia Innovation District.",https://startupvalencia.org/construction-la-terminal-future-technology-hub-valencia/,linkedin: https://linkedin.com/company/laterminal/ | instagram: https://www.instagram.com/theterminalhub,Valencia Innovation District | Quique Calabuig | Ángela Pérez | Startup Valencia | Base 2,"Superficie: 5.000 m² | Edificio: antigua estación de pasajeros de 1914, rehabilitada | Comunidad: más de 500 profesionales | Espacios: coworking · despachos con vistas al mar · salas de 10 a 200 personas · The Wellness Club · restaurante | Programas: The Terminal Challenge (talento joven) · programas de innovación | Socios citados: IE Business School · IBM",hub; La Marina; innovación,V,,https://www.theterminalhub.com/,nuevo,
p191,Valencia Innovation District,juridica,ciudad,emprendimiento,Distrito de innovación,La Marina de València,,,,,,,,,Distrito que articula el waterfront innovador de la ciudad alrededor de La Marina.,,,,,distrito; La Marina,E,,,nuevo,
p192,Base 2,juridica,ciudad,tecnologia,Urban deep-tech launchpad,Innsomnia + Startup Valencia,"C. de la Travessia, Poblats Marítims, 46024 València",sede,1,4,Ciutat de València,Marítim–Est,39.4592,-0.327,"Launchpad de deep tech urbano en Travessía 15B, La Marina, impulsado junto a Innsomnia y Startup Valencia.",,,The Terminal Hub | Kaihō Capital,"Dirección: C/ de la Travessia 15B, 46024 València",deep tech; La Marina,E,,,nuevo,
p193,Quique Calabuig Gimeno,fisica,ciudad,emprendimiento,CEO,The Terminal Hub · Kaihō Capital,"C. de la Travessia, Poblats Marítims, 46024 València",sede,1,4,Ciutat de València,Marítim–Est,39.4592,-0.327,CEO de The Terminal Hub y de Kaihō Capital.,,linkedin: https://www.linkedin.com/in/quique-calabuig-gimeno/,The Terminal Hub | Kaihō Capital,,hub; inversión,V,,https://www.linkedin.com/in/quique-calabuig-gimeno/,nuevo,
p194,Ángela Pérez,fisica,ciudad,salud,CEO de BioHub VLC · presidenta de Bioval y del Valencia Innovation District,Valencia Innovation District · BIOVAL,,,,,,,,,"Bióloga y emprendedora, fundadora de Health in Code. Preside el clúster Bioval y el Valencia Innovation District, y dirige BioHub VLC. Premio Rei Jaume I de Emprendimiento.",,linkedin: https://www.linkedin.com/in/angelap1/,BioHub VLC | Bioval | Health in Code | Valencia Innovation District | The Terminal Hub,"Reconocimiento: Premio Rei Jaume I de Emprendimiento | Formación: biología, Universitat de València",biotech; clúster; fundadora,V,,https://www.linkedin.com/in/angelap1/ | https://biohubvlc.es/ | https://startupvalencia.org/interview-angela-perez-health-in-code/,nuevo,
p195,Isabel Úbeda,fisica,ciudad,emprendimiento,Fundadora,Inversiones l'Anella,"C. de la Travessia, Poblats Marítims, 46024 València",sede,1,4,Ciutat de València,Marítim–Est,39.4592,-0.327,Fundadora de Inversiones l'Anella; en el consejo de The Terminal Hub.,,,,,inversión,E,,,nuevo,
p196,Francesc Pons,fisica,ciudad,emprendimiento,Director de The Terminal Hub,The Terminal Hub,"C. de la Travessia, Poblats Marítims, 46024 València",sede,1,4,Ciutat de València,Marítim–Est,39.4592,-0.327,"Ingeniero por la UPV, con trayectoria en alta dirección, consultoría de innovación y gestión del talento; venía de Innsomnia Group. Nombrado director de The Terminal Hub en abril de 2025, en relevo de Paloma Mas.",,,The Terminal Hub | Quique Calabuig Gimeno | Innsomnia | Paloma Mas,,hub,V,,https://valenciaplaza.com/valenciaplaza/plaza-innovacion/francesc-pons-nuevo-director-de-the-terminal-hub | https://forbes.es/nombramientos/689239/francesc-pons-nuevo-director-de-theterminal-hub/,nuevo,
p197,Pedro Morillo,fisica,ciudad,emprendimiento,COO · advisor,The Terminal Hub · Universitat de València,"C. de la Travessia, Poblats Marítims, 46024 València",sede,1,4,Ciutat de València,Marítim–Est,39.4592,-0.327,COO de The Terminal Hub y advisor en la Universitat de València.,,,,,hub; universidad,E,,,nuevo,
p198,Juanvi Aguas,fisica,ciudad,emprendimiento,CFO,The Terminal Hub,"C. de la Travessia, Poblats Marítims, 46024 València",sede,1,4,Ciutat de València,Marítim–Est,39.4592,-0.327,Dirección financiera de The Terminal Hub.,,,,,hub; finanzas,E,,,nuevo,
p199,Gino Russo,fisica,ciudad,emprendimiento,CMO,The Terminal Hub,"C. de la Travessia, Poblats Marítims, 46024 València",sede,1,4,Ciutat de València,Marítim–Est,39.4592,-0.327,Dirección de marketing de The Terminal Hub.,,,,,hub; marketing,E,,,nuevo,
p200,Raul Mir,fisica,ciudad,tecnologia,Fundador,Âttrim Technology Group,"C. de la Travessia, Poblats Marítims, 46024 València",sede,1,4,Ciutat de València,Marítim–Est,39.4592,-0.327,Fundador de Âttrim Technology Group; vinculado al consejo de The Terminal Hub.,,,,,tecnología,E,,,nuevo,
p201,Ricardo Orts,fisica,ciudad,arte,Arquitecto / ingeniero del proyecto,The Terminal Hub,"C. de la Travessia, Poblats Marítims, 46024 València",sede,1,4,Ciutat de València,Marítim–Est,39.4592,-0.327,Responsable del proyecto arquitectónico de rehabilitación de la Estación Marítima.,,,,,arquitectura; patrimonio,E,,,nuevo,
p202,Kaihō Capital,juridica,ciudad,emprendimiento,Inversión,València,"C. de la Travessia, Poblats Marítims, 46024 València",sede,1,4,Ciutat de València,Marítim–Est,39.4592,-0.327,Vehículo inversor ligado a la dirección de The Terminal Hub.,,,,,inversión,E,,,nuevo,
p203,Health in Code,juridica,ciudad,salud,Genética clínica,—,,,,,,,,,Compañía de diagnóstico genético fundada por Ángela Pérez.,,,,,genómica; biotech,E,,,nuevo,
p204,Inversiones l'Anella,juridica,ciudad,emprendimiento,Family office / inversión,València,,,,,,,,,Vehículo de inversión valenciano.,,,,,inversión,E,,,nuevo,
p205,Âttrim Technology Group,juridica,ciudad,tecnologia,Grupo tecnológico,València,,,,,,,,,Grupo tecnológico valenciano.,,,,,tecnología,E,,,nuevo,
p206,Veolia — centro de innovación,juridica,ciudad,publico,Innovación corporativa,La Marina de València,,,,,,,,,Centro de innovación corporativa en el entorno del waterfront emprendedor.,,,,,corporate; agua; medio ambiente,E,,,nuevo,
p207,AINIA,juridica,ciudad,salud,Centro tecnológico agroalimentario,Paterna,"Av. Benjamín Franklin 5-11, Parc Tecnològic, Paterna",sede,2,2,Paterna,Parc Tecnològic,39.5104,-0.4218,Centro tecnológico de alimentación y bioeconomía. Impulsa StartBEC (aceleración en bioeconomía) y coorganiza FEBIO.,https://www.ainia.com/,linkedin: https://www.linkedin.com/company/ainia-centro-tecnologico/ | x: https://x.com/ainiatecnologia/ | instagram: https://www.instagram.com/ainiatecnologia/ | youtube: https://www.youtube.com/ainiatecnologia,Bioval | FEDACOVA | CEEI València,"Dirección: Av. Benjamín Franklin 5-11, Parc Tecnològic, 46980 Paterna | Red: AINIA Network, 850 empresas | Iniciativas: StartBEC (bioeconomía) · FEBIO · La Cocina de Innovación · EBT",foodtech; bioeconomía; I+D,V,,https://www.ainia.com/,nuevo,
p208,FEDACOVA,juridica,ciudad,salud,Federación alimentaria,Comunitat Valenciana,,,,,,,,,Federación empresarial de alimentación y bebidas de la Comunitat; coimpulsora de FEBIO.,,,,,alimentación; patronal,E,,,nuevo,
p209,Fenin,juridica,ciudad,salud,Federación de tecnología sanitaria,España · delegación CV,Av. de Fernando Abril Martorell 106,sede,1,5,Ciutat de València,Sud,39.442,-0.3785,Federación española de empresas de tecnología sanitaria; organiza jornadas de innovación en el Hospital La Fe.,,,,,medtech; sector,E,,,nuevo,
p210,IVACE+i,juridica,ciudad,publico,Agencia pública de innovación,Generalitat Valenciana,Plaça de Manises 1 (Palau de la Generalitat),sede,1,1,Ciutat de València,Ciutat Vella,39.476,-0.378,Agencia que impulsa y cofinancia emprendimiento e innovación territorial en la Comunitat.,,,,,público; ayudas,E,,,nuevo,
p211,CEU Universidad Cardenal Herrera,juridica,ciudad,salud,Universidad privada,Alfara del Patriarca / València,"C/ Lluís Vives 1, Alfara del Patriarca",sede,0,0,Fora de la rejilla,,39.5477,-0.391,Universidad con cátedras y grados de bioingeniería; sede del Encuentro de Bioingeniería de Valencia.,,,,,universidad; bioingeniería,E,,,nuevo,
p212,LAVAC,juridica,ciudad,arte,Asociación de galerías,València,,,,,,,,,Galerías de Arte Contemporáneo de la Comunitat Valenciana; organiza Abierto València y las rutas ART WALK.,,,,,galerías; arte contemporáneo,E,,,nuevo,
p213,La Mutant,juridica,ciudad,entretenimiento,Espacio escénico,"Marítim, València",C/ del Riu Bidasoa 2,sede,1,4,Ciutat de València,Marítim–Est,39.4642,-0.335,Espacio municipal de artes vivas y música contemporánea en el Cabanyal-Marítim.,,,,,artes vivas; música,E,,,nuevo,
p214,Midatec,juridica,ciudad,tecnologia,Startup · hornada Lanzadera 2026,Lanzadera,La Marina de València,sede,1,4,Ciutat de València,Marítim–Est,39.4585,-0.3285,"Automatización industrial, visión artificial y software, desde Valencia.",https://lanzadera.es/,,,,industria 4.0; visión,A,,,nuevo,
p215,THEKER,juridica,ciudad,tecnologia,Startup · hornada Lanzadera 2026,Lanzadera,La Marina de València,sede,1,4,Ciutat de València,Marítim–Est,39.4585,-0.3285,Robótica industrial.,https://lanzadera.es/,,,,robótica,A,,,nuevo,
p216,CIS Robotics,juridica,ciudad,tecnologia,Startup · hornada Lanzadera 2026,Lanzadera,La Marina de València,sede,1,4,Ciutat de València,Marítim–Est,39.4585,-0.3285,Robótica industrial.,https://lanzadera.es/,,,,robótica,A,,,nuevo,
p217,Kensight,juridica,ciudad,tecnologia,Startup · hornada Lanzadera 2026,Lanzadera,La Marina de València,sede,1,4,Ciutat de València,Marítim–Est,39.4585,-0.3285,IA y estadística aplicadas a procesos industriales.,https://lanzadera.es/,,,,IA; industria,A,,,nuevo,
p218,Suncast,juridica,ciudad,tecnologia,Startup · hornada Lanzadera 2026,Lanzadera,La Marina de València,sede,1,4,Ciutat de València,Marítim–Est,39.4585,-0.3285,Energía y datos.,https://lanzadera.es/,,,,energía,A,,,nuevo,
p219,Kora,juridica,ciudad,tecnologia,Startup · hornada Lanzadera 2026,Lanzadera,La Marina de València,sede,1,4,Ciutat de València,Marítim–Est,39.4585,-0.3285,Agro y datos.,https://lanzadera.es/,,,,agrotech,A,,,nuevo,
p220,Kylia,juridica,ciudad,tecnologia,Startup · hornada Lanzadera 2026,Lanzadera,La Marina de València,sede,1,4,Ciutat de València,Marítim–Est,39.4585,-0.3285,Energía / agro / datos.,https://lanzadera.es/,,,,datos,A,,,nuevo,
p221,Modoru Biotech,juridica,ciudad,salud,Startup · hornada Lanzadera 2026,Lanzadera,La Marina de València,sede,1,4,Ciutat de València,Marítim–Est,39.4585,-0.3285,Biotecnología.,https://lanzadera.es/,,,,biotech,A,,,nuevo,
p222,SymBiontics,juridica,ciudad,salud,Startup · hornada Lanzadera 2026,Lanzadera,La Marina de València,sede,1,4,Ciutat de València,Marítim–Est,39.4585,-0.3285,Biotecnología.,https://lanzadera.es/,,,,biotech,A,,,nuevo,
p223,837CRAFTS,juridica,ciudad,emprendimiento,Startup · hornada Lanzadera 2026,Lanzadera,La Marina de València,sede,1,4,Ciutat de València,Marítim–Est,39.4585,-0.3285,Citada en la cobertura de la hornada 2026.,https://lanzadera.es/,,,,Lanzadera,A,,,nuevo,
p224,Innovare Genetics,juridica,ciudad,salud,Startup · hornada Lanzadera 2026,Lanzadera,La Marina de València,sede,1,4,Ciutat de València,Marítim–Est,39.4585,-0.3285,Genética; citada en la cobertura de la hornada 2026.,https://lanzadera.es/,,,,genómica,A,,,nuevo,
p225,NanoFreeze,juridica,ciudad,tecnologia,Startup · hornada Lanzadera 2026,Lanzadera,La Marina de València,sede,1,4,Ciutat de València,Marítim–Est,39.4585,-0.3285,Citada en la cobertura de la hornada 2026.,https://lanzadera.es/,,,,deep tech,A,,,nuevo,
p226,MOWLabs,juridica,ciudad,tecnologia,Startup · hornada Lanzadera 2026,Lanzadera,La Marina de València,sede,1,4,Ciutat de València,Marítim–Est,39.4585,-0.3285,Citada en la cobertura de la hornada 2026.,https://lanzadera.es/,,,,software,A,,,nuevo,
p227,Blanca de la Torre,fisica,ciudad,arte,Directora,IVAM,"C/ Guillem de Castro 118, 46003 València",sede,1,1,Ciutat de València,Ciutat Vella,39.4796,-0.3838,Comisaria y crítica de arte nombrada directora del IVAM por el pleno del Consell. Trayectoria internacional en comisariado con foco en ecología y arte contemporáneo.,https://ivam.es/es/noticias/el-pleno-del-consell-nombra-a-blanca-de-la-torre-como-nueva-directora-del-ivam/,,IVAM,,museo; comisariado; arte contemporáneo,V,,https://ivam.es/es/noticias/el-pleno-del-consell-nombra-a-blanca-de-la-torre-como-nueva-directora-del-ivam/,nuevo,
p228,Jorge Culla,fisica,ciudad,arte,Director general,Fundació Palau de les Arts Reina Sofia,Av. del Professor Lopéz Piñero 1,sede,1,5,Ciutat de València,Sud,39.458,-0.3562,Gestor cultural al frente de la dirección general de la Fundación Les Arts desde 2021.,https://www.lesarts.com/,,Palau de les Arts Reina Sofia,,ópera; gestión cultural,V,,https://www.lesarts.com/en/2021/09/17/les-arts-nombra-a-jorge-culla-nuevo-director-general-de-la-fundacion/,nuevo,
p229,Vicente Llimerá Dus,fisica,ciudad,arte,Director gerente,Palau de la Música de València,"Passeig de l'Albereda 30, 46023 València",sede,1,2,Ciutat de València,Eixample–Extramurs,39.4703,-0.3672,"Director gerente del Palau de la Música desde agosto de 2023. Oboe solista del Grup Instrumental de València — Premi Nacional de Música 2005 —, doctor en Filosofía por la Universitat de València y catedrático de oboe en el Conservatori Superior Joaquín Rodrigo.",https://palauvalencia.com/director/,,Palau de la Música de València,"Antes: director del Institut Superior d'Ensenyaments Artístics de la CV (ISEACV), 2014-2015",música clásica; gestión cultural; oboe,V,,https://palauvalencia.com/director/,nuevo,
p230,Nieves Pascual,fisica,ciudad,arte,Subdirectora,Palau de la Música de València,,sede,1,2,Ciutat de València,Eixample–Extramurs,39.4703,-0.3672,Subdirectora del Palau de la Música de València.,,,Palau de la Música de València,,música clásica; gestión cultural,E,,https://www.operaactual.com/noticia/nieves-pascual-nueva-subdirectora-del-palau-de-la-musica-de-valencia/,nuevo,
p231,Pilar Nos,fisica,ciudad,salud,Directora científica,IIS La Fe,Av. de Fernando Abril Martorell 106,sede,1,5,Ciutat de València,Sud,39.442,-0.3785,Directora científica del Instituto de Investigación Sanitaria La Fe. Jefa del Servicio de Medicina Digestiva del Hospital La Fe y líder del grupo de investigación en enfermedad inflamatoria intestinal.,https://www.iislafe.es/en/iis-la-fe/governing-bodies/scientific-director-and-general-manager/,,IIS La Fe,,investigación; digestivo; hospital,V,,https://www.iislafe.es/en/iis-la-fe/governing-bodies/scientific-director-and-general-manager/,nuevo,
p232,Luis Martí-Bonmatí,fisica,ciudad,salud,Radiólogo e investigador principal,Hospital La Fe · GIBI230,,sede,1,5,Ciutat de València,Sud,39.442,-0.3785,"Catedrático y radiólogo del Hospital Universitari i Politècnic La Fe, al frente del Grupo de Investigación Biomédica en Imagen (GIBI230). Referencia europea en imagen médica e IA aplicada al diagnóstico.",,,IIS La Fe | Quibim,,imagen médica; IA; investigación,V,,https://en.wikipedia.org/wiki/Luis_Marti-Bonmati | https://radioval.eu/consortium/hulafe/,nuevo,
p233,Pedro de Álava,fisica,ciudad,emprendimiento,Presidente de BIGBAN · fund manager,BIGBAN Investors Spain · Clave Capital,,sede,1,4,Ciutat de València,Marítim–Est,39.4592,-0.327,Preside BIGBAN Investors Spain y gestiona fondos en Clave Capital. Voz habitual sobre la profesionalización y la coinversión del business angel en España.,https://bigban.org/equipo-junta/,linkedin: https://www.linkedin.com/in/pedro-de-%C3%A1lava-2127244/,BIGBAN Inversores Privados | Clave Capital,,inversión; business angels; VC,V,,https://bigban.org/equipo-junta/,nuevo,
p234,Alberto Andújar,fisica,ciudad,emprendimiento,Director,BIGBAN Investors Spain,,sede,1,4,Ciutat de València,Marítim–Est,39.4592,-0.327,Dirige el día a día de BIGBAN Investors Spain desde València.,https://bigban.org/equipo-junta/,linkedin: https://www.linkedin.com/in/albertoandujarestelles/,BIGBAN Inversores Privados,,inversión; business angels,V,,https://bigban.org/equipo-junta/,nuevo,
p235,Tom Horsey,fisica,ciudad,emprendimiento,Vicepresidente de inversión en startups,BIGBAN Investors Spain,,,,,,,,,"Business angel, cofundador de StartupLabs Spain/Malta y de Eoniq.fund. Vicepresidente de inversión en startups de BIGBAN.",https://bigban.org/equipo-junta/,,BIGBAN Inversores Privados,,business angel; inversión,V,,https://bigban.org/equipo-junta/,nuevo,
p236,Cristian Cañadas,fisica,ciudad,emprendimiento,Secretario de BIGBAN · socio,Aktion Legal,,,,,,,,,Abogado mercantil y socio de Aktion Legal; secretario de la junta de BIGBAN Investors Spain.,https://bigban.org/equipo-junta/,,BIGBAN Inversores Privados | Aktion Legal | Antonio G. Asturiano,,legal; venture,V,,https://bigban.org/equipo-junta/,nuevo,
p237,Fernando Ibáñez,fisica,ciudad,salud,Corporate manager,BioHub VLC,"C/ de la Travessia 15E, La Marina, 46024 València",sede,1,4,Ciutat de València,Marítim–Est,39.4592,-0.327,"Responsable corporativo de BioHub VLC, el centro empresarial de life sciences de La Marina.",https://biohubvlc.es/,,BioHub VLC | Ángela Pérez,,biotech; hub,V,,https://biohubvlc.es/,nuevo,
p238,Virginia Beltrán,fisica,ciudad,salud,Coordinadora general,BioHub VLC,,sede,1,4,Ciutat de València,Marítim–Est,39.4592,-0.327,Coordinación general de BioHub VLC.,https://biohubvlc.es/,,BioHub VLC,,biotech; hub,V,,https://biohubvlc.es/,nuevo,
p239,BioHub VLC,juridica,ciudad,salud,Hub de life sciences,La Marina de València,"C/ de la Travessia 15E, La Marina, 46024 València",sede,1,4,Ciutat de València,Marítim–Est,39.4592,-0.327,"Se presenta como el primer centro empresarial español de gestión privada dedicado a compañías de life sciences: aloja biotecnológicas, farma y tecnología sanitaria en fase de crecimiento y les conecta con inversión.",https://biohubvlc.es/,linkedin: https://es.linkedin.com/company/biohub-vlc | instagram: https://www.instagram.com/biohubvlc,Ángela Pérez | Bioval | BioZell Ventures | Club Bio | Fernando Ibáñez | Virginia Beltrán,CEO: Ángela Pérez | Equipo: Fernando Ibáñez (corporate) · Virginia Beltrán (coordinación) · David Gómez (comunicación) · Ramón Guanter (redes) · Reme Hidalgo (eventos) | Socios: Bioval · BioZell Ventures · Club Bio · La Marina de València,biotech; hub; La Marina; life sciences,V,,https://biohubvlc.es/,nuevo,
p240,BioZell Ventures,juridica,ciudad,salud,Inversión en salud,València,,sede,1,4,Ciutat de València,Marítim–Est,39.4592,-0.327,Vehículo de inversión privada en salud del entorno de BioHub VLC y Bioval; ya ha cerrado su primera inversión.,https://biohubvlc.es/biozell-realiza-su-primera-inversion-en-salud/,,BioHub VLC | Bioval,,inversión; biotech,V,,https://biohubvlc.es/biozell-realiza-su-primera-inversion-en-salud/,nuevo,
p241,Club Bio,juridica,ciudad,salud,Círculo empresarial,Bioval + BioHub VLC,,sede,1,4,Ciutat de València,Marítim–Est,39.4592,-0.327,"Primer círculo empresarial valenciano que pone la ciencia en el centro de los negocios, creado conjuntamente por Bioval y BioHub VLC.",https://www.bioval.org/noticias/bioval-y-biohub-crean-club-bio-el-primer-circulo-empresarial-que-pone-a-la-ciencia-en-el-centro-de-los-negocios-en-valencia/,,Bioval | BioHub VLC,,networking; biotech,V,,https://www.bioval.org/noticias/bioval-y-biohub-crean-club-bio-el-primer-circulo-empresarial-que-pone-a-la-ciencia-en-el-centro-de-los-negocios-en-valencia/,nuevo,
p242,GoHub Ventures,juridica,ciudad,emprendimiento,Venture capital,València,"C/ Álvaro de Bazán 10, 46010 València",sede,1,2,Ciutat de València,Eixample–Extramurs,39.4757,-0.3648,"Fondo de capital riesgo en fase temprana respaldado por un grupo empresarial, con horizonte largo. Invierte en salud digital — detección precoz, prevención, IA clínica y operativa — y en software B2B, IA y tecnología de doble uso. Da nombre al espacio GoHub de Álvaro de Bazán 10.",https://gohub.vc/,linkedin: https://www.linkedin.com/company/gohubventures | x: https://x.com/GoHubVentures,Quibim | Kenmei Technologies | Wenalyze,Cartera citada: Aeon · Kenmei · Quibim · Fracttal · indigitall · XRF · Bound · OpenHealth · throxy · Oska Health · Sybilion · Depa,VC; digital health; B2B software; IA,V,,https://gohub.vc/,nuevo,
p243,Clave Capital,juridica,ciudad,emprendimiento,Capital riesgo,València,,,,,,,,,"Gestora valenciana de capital riesgo con fondos sectoriales, entre ellos uno de alimentación. Pedro de Álava, presidente de BIGBAN, gestiona fondos aquí.",https://clave.capital/equipo/,linkedin: https://es.linkedin.com/company/clave-capital,Pedro de Álava | BIGBAN Inversores Privados,,VC; inversión; alimentación,V,,https://clave.capital/equipo/ | https://es.linkedin.com/company/clave-capital,nuevo,
p244,Demium,juridica,ciudad,emprendimiento,Incubadora,València,,,,,,,,,Incubadora nacida en València que construye startups desde cero reclutando talento antes que idea. Se expandió a Madrid y Barcelona y lanzó su propio fondo. Colabora con Startup Valencia en programas de emprendimiento femenino.,,,Startup Valencia,,incubadora; company builder,E,,https://valenciaplaza.com/la-incubadora-valenciana-demium-startups-desembarca-en-madrid,nuevo,
p245,Paloma Mas,fisica,ciudad,emprendimiento,Directora fundacional de The Terminal Hub (hasta 2025),The Terminal Hub,,,,,,,,,"Dirigió el lanzamiento de The Terminal Hub hasta su desvinculación en 2025, cuando la relevó Francesc Pons. Su destino actual no consta en las fuentes consultadas.",,,The Terminal Hub | Francesc Pons,,hub; innovación,A,situación actual sin confirmar,https://valenciaplaza.com/valenciaplaza/plaza-innovacion/cambios-en-the-terminal-hub-tras-la-salida-de-su-directora,nuevo,
p246,Patricia Cháfer,fisica,ciudad,emprendimiento,Responsable de partners y gerente de captación,Lanzadera,La Marina de València,sede,1,4,Ciutat de València,Marítim–Est,39.4585,-0.3285,Puerta de entrada de Lanzadera para partners y para la captación de nuevas startups al programa.,https://lanzadera.es/equipo-lanzadera/,,Lanzadera | Marina de Empresas,,aceleradora; partners; captación,V,,https://lanzadera.es/equipo-lanzadera/,nuevo,
p247,Esteban Gallego,fisica,ciudad,emprendimiento,Director de proyectos y gerente de relaciones corporativas,Lanzadera,La Marina de València,sede,1,4,Ciutat de València,Marítim–Est,39.4585,-0.3285,Enlace de Lanzadera con las corporaciones que trabajan con la aceleradora.,https://lanzadera.es/equipo-lanzadera/,,Lanzadera | Marina de Empresas,,aceleradora; corporate,V,,https://lanzadera.es/equipo-lanzadera/,nuevo,
p248,Miguel Milián,fisica,ciudad,emprendimiento,Director de proyectos,Lanzadera,,sede,1,4,Ciutat de València,Marítim–Est,39.4585,-0.3285,Director de proyectos en Lanzadera: acompaña a las startups del programa de aceleración.,https://lanzadera.es/equipo-lanzadera/,,Lanzadera,,aceleradora; mentoría,V,,https://lanzadera.es/equipo-lanzadera/,nuevo,
p249,Paula Llobet,fisica,ciudad,publico,"Concejala de Turismo, Innovación y Captación de Inversiones",Ajuntament de València,Plaça de l'Ajuntament 1,sede,1,1,Ciutat de València,Ciutat Vella,39.4699,-0.3763,"Responsable política de la innovación municipal: de ella dependen Vàlencia Innovation Capital, los Premios València Emprende y la estrategia de captación de inversión de la ciudad.",https://www.valencia.es/,,Ajuntament de València — Participación Ciudadana | Vàlencia Innovation Capital | María José Catalá,,municipal; innovación; política; turismo,V,,https://www.esmartcity.es/2025/03/05/paula-llobet-concejala-turismo-innovacion-captacion-inversiones-ayuntamiento-valencia,nuevo,
p250,Vicent Botti,fisica,ciudad,tecnologia,Director de VRAIN,Universitat Politècnica de València,"Camí de Vera s/n, UPV, 46022 València",sede,1,4,Ciutat de València,Marítim–Est,39.4812,-0.3408,"Dirige VRAIN, el instituto valenciano de investigación en inteligencia artificial de la UPV. Premio Magno a la Excelencia 2025 por su contribución a la investigación en IA.",https://vrain.upv.es/,,VRAIN | Instituto IDEAS UPV,,IA; universidad; investigación,V,,https://vrain.upv.es/el-director-de-vrain-de-la-upv-vicent-botti-recibe-un-premio-magno-a-la-excelencia-2025-por-su-contribucion-e-investigacion-en-ia/,nuevo,
p251,VRAIN,juridica,ciudad,tecnologia,Instituto de investigación en IA,Universitat Politècnica de València,"Camí de Vera s/n, UPV, 46022 València",sede,1,4,Ciutat de València,Marítim–Est,39.4812,-0.3408,Institut Valencià d'Investigació en Intel·ligència Artificial de la UPV. Concentra las líneas de investigación en IA de la universidad y las abre a empresas a través de la Artificial Intelligence Innovation Alliance.,https://vrain.upv.es/,facebook: https://www.facebook.com/IAvrain/,Vicent Botti | ITI — Instituto Tecnológico de Informática,Director: Vicent Botti | Programa con empresas: Artificial Intelligence Innovation Alliance (AIIA),IA; universidad; I+D; deep tech,V,,https://vrain.upv.es/ | https://www.upv.es/entidades/VRAIN/,nuevo,
p252,Javier Molins,fisica,ciudad,arte,Dirección artística,Centre d'Art Hortensia Herrero,,sede,1,1,Ciutat de València,Ciutat Vella,39.4747,-0.376,Comisario y crítico de arte vinculado a la dirección artística del Centre d'Art Hortensia Herrero.,,,Centre d'Art Hortensia Herrero (CAHH) | Hortensia Herrero,,comisariado; arte contemporáneo,E,cargo a contrastar,https://en.wikipedia.org/wiki/Javier_Molins,nuevo,
p253,CLC Arte,juridica,ciudad,arte,Galería de arte contemporáneo,València,"C/ En Sala 6, València",calle,1,1,Ciutat de València,Ciutat Vella,39.4718,-0.3762,"Galería de arte contemporáneo en C/ En Sala 6. Participa en Abierto València, la apertura conjunta de temporada de las galerías valencianas.",https://lavac.es/,,LAVAC | Abierto València 2026,,galería; arte contemporáneo; LAVAC,V,,https://www.valenciabonita.es/2026/07/29/abierto-valencia-2026/,nuevo,
p254,Galería Ana Serratosa,juridica,ciudad,arte,Galería de arte contemporáneo,València,"C/ Pascual y Genís 19, ático, València",calle,1,2,Ciutat de València,Eixample–Extramurs,39.47,-0.372,"Galería de arte contemporáneo en C/ Pascual y Genís 19. Participa en Abierto València, la apertura conjunta de temporada de las galerías valencianas.",https://lavac.es/,,LAVAC | Abierto València 2026,,galería; arte contemporáneo; LAVAC,V,,https://www.valenciabonita.es/2026/07/29/abierto-valencia-2026/,nuevo,
p255,Alba Cabrera Galería,juridica,ciudad,arte,Galería de arte contemporáneo,València,"C/ Joaquín Costa 4, València",calle,1,2,Ciutat de València,Eixample–Extramurs,39.464,-0.369,"Galería de arte contemporáneo en C/ Joaquín Costa 4. Participa en Abierto València, la apertura conjunta de temporada de las galerías valencianas.",https://lavac.es/,,LAVAC | Abierto València 2026,,galería; arte contemporáneo; LAVAC,V,,https://www.valenciabonita.es/2026/07/29/abierto-valencia-2026/,nuevo,
p256,Galería Benlliure,juridica,ciudad,arte,Galería de arte contemporáneo,València,"C/ Cirilo Amorós 47, València",calle,1,2,Ciutat de València,Eixample–Extramurs,39.4684,-0.369,"Galería de arte contemporáneo en C/ Cirilo Amorós 47. Participa en Abierto València, la apertura conjunta de temporada de las galerías valencianas.",https://lavac.es/,,LAVAC | Abierto València 2026,,galería; arte contemporáneo; LAVAC,V,,https://www.valenciabonita.es/2026/07/29/abierto-valencia-2026/,nuevo,
p257,Gabinete de Dibujos,juridica,ciudad,arte,Galería de arte contemporáneo,València,"C/ Literato Azorín 33, València",calle,1,2,Ciutat de València,Eixample–Extramurs,39.461,-0.372,"Galería de arte contemporáneo en C/ Literato Azorín 33. Participa en Abierto València, la apertura conjunta de temporada de las galerías valencianas.",https://lavac.es/,,LAVAC | Abierto València 2026,,galería; arte contemporáneo; LAVAC,V,,https://www.valenciabonita.es/2026/07/29/abierto-valencia-2026/,nuevo,
p258,Galería Cuatro,juridica,ciudad,arte,Galería de arte contemporáneo,València,"C/ La Nave 25, València",calle,1,1,Ciutat de València,Ciutat Vella,39.473,-0.3735,"Galería de arte contemporáneo en C/ La Nave 25. Participa en Abierto València, la apertura conjunta de temporada de las galerías valencianas.",https://lavac.es/,,LAVAC | Abierto València 2026,,galería; arte contemporáneo; LAVAC,V,,https://www.valenciabonita.es/2026/07/29/abierto-valencia-2026/,nuevo,
p259,Jorge López Galería,juridica,ciudad,arte,Galería de arte contemporáneo,València,"C/ San Pedro Pascual 7, València",calle,1,2,Ciutat de València,Eixample–Extramurs,39.4666,-0.373,"Galería de arte contemporáneo en C/ San Pedro Pascual 7. Participa en Abierto València, la apertura conjunta de temporada de las galerías valencianas.",https://lavac.es/,,LAVAC | Abierto València 2026,,galería; arte contemporáneo; LAVAC,V,,https://www.valenciabonita.es/2026/07/29/abierto-valencia-2026/,nuevo,
p260,Galería Thema,juridica,ciudad,arte,Galería de arte contemporáneo,València,"C/ Cirilo Amorós 87, València",calle,1,2,Ciutat de València,Eixample–Extramurs,39.467,-0.3665,"Galería de arte contemporáneo en C/ Cirilo Amorós 87. Participa en Abierto València, la apertura conjunta de temporada de las galerías valencianas.",https://lavac.es/,,LAVAC | Abierto València 2026,,galería; arte contemporáneo; LAVAC,V,,https://www.valenciabonita.es/2026/07/29/abierto-valencia-2026/,nuevo,
p261,La Mercería,juridica,ciudad,arte,Galería de arte contemporáneo,València,"C/ Moratín 7, València",calle,1,1,Ciutat de València,Ciutat Vella,39.4706,-0.3752,"Galería de arte contemporáneo en C/ Moratín 7. Participa en Abierto València, la apertura conjunta de temporada de las galerías valencianas.",https://lavac.es/,,LAVAC | Abierto València 2026,,galería; arte contemporáneo; LAVAC,V,,https://www.valenciabonita.es/2026/07/29/abierto-valencia-2026/,nuevo,
p262,Galería Luis Adelantado,juridica,ciudad,arte,Galería de arte contemporáneo,València,"C/ Bonaire 6, València",calle,1,1,Ciutat de València,Ciutat Vella,39.4707,-0.3745,"Galería de arte contemporáneo en C/ Bonaire 6. Participa en Abierto València, la apertura conjunta de temporada de las galerías valencianas.",https://lavac.es/,,LAVAC | Abierto València 2026,,galería; arte contemporáneo; LAVAC,V,,https://www.valenciabonita.es/2026/07/29/abierto-valencia-2026/,nuevo,
p263,Galería Rosa Santos,juridica,ciudad,arte,Galería de arte contemporáneo,València,"C/ Carrasquer 1, València",calle,1,1,Ciutat de València,Ciutat Vella,39.476,-0.382,"Galería de arte contemporáneo en C/ Carrasquer 1. Participa en Abierto València, la apertura conjunta de temporada de las galerías valencianas.",https://lavac.es/,,LAVAC | Abierto València 2026,,galería; arte contemporáneo; LAVAC,V,,https://www.valenciabonita.es/2026/07/29/abierto-valencia-2026/,nuevo,
p264,Set Espai d'Art,juridica,ciudad,arte,Galería de arte contemporáneo,València,"Pl. Miracle del Mocadoret 4, València",calle,1,1,Ciutat de València,Ciutat Vella,39.4745,-0.3768,"Galería de arte contemporáneo en Pl. Miracle del Mocadoret 4. Participa en Abierto València, la apertura conjunta de temporada de las galerías valencianas.",https://lavac.es/,,LAVAC | Abierto València 2026,,galería; arte contemporáneo; LAVAC,V,,https://www.valenciabonita.es/2026/07/29/abierto-valencia-2026/,nuevo,
p265,Shiras Galería,juridica,ciudad,arte,Galería de arte contemporáneo,València,"C/ Vilaragut 3, València",calle,1,1,Ciutat de València,Ciutat Vella,39.4712,-0.3748,"Galería de arte contemporáneo en C/ Vilaragut 3. Participa en Abierto València, la apertura conjunta de temporada de las galerías valencianas.",https://lavac.es/,,LAVAC | Abierto València 2026,,galería; arte contemporáneo; LAVAC,V,,https://www.valenciabonita.es/2026/07/29/abierto-valencia-2026/,nuevo,
p266,Tuesday to Friday,juridica,ciudad,arte,Galería de arte contemporáneo,València,"C/ San Pedro Pascual 7, València",calle,1,2,Ciutat de València,Eixample–Extramurs,39.4666,-0.373,"Galería de arte contemporáneo en C/ San Pedro Pascual 7. Participa en Abierto València, la apertura conjunta de temporada de las galerías valencianas.",https://lavac.es/,,LAVAC | Abierto València 2026,,galería; arte contemporáneo; LAVAC,V,,https://www.valenciabonita.es/2026/07/29/abierto-valencia-2026/,nuevo,
p267,Vangar,juridica,ciudad,arte,Galería de arte contemporáneo,València,"C/ Pedro III el Gran 22, València",calle,1,2,Ciutat de València,Eixample–Extramurs,39.4655,-0.3676,"Galería de arte contemporáneo en C/ Pedro III el Gran 22. Participa en Abierto València, la apertura conjunta de temporada de las galerías valencianas.",https://lavac.es/,,LAVAC | Abierto València 2026,,galería; arte contemporáneo; LAVAC,V,,https://www.valenciabonita.es/2026/07/29/abierto-valencia-2026/,nuevo,
p268,Osnova,juridica,ciudad,arte,Galería de arte contemporáneo,València,"C/ Clero 18, València",calle,1,2,Ciutat de València,Eixample–Extramurs,39.465,-0.37,"Galería de arte contemporáneo en C/ Clero 18. Participa en Abierto València, la apertura conjunta de temporada de las galerías valencianas.",https://lavac.es/,,LAVAC | Abierto València 2026,,galería; arte contemporáneo; LAVAC,V,,https://www.valenciabonita.es/2026/07/29/abierto-valencia-2026/,nuevo,
p269,16 Toneladas,juridica,ciudad,entretenimiento,Sala de conciertos,Campanar,"C/ Ricardo Micó 3, 46009 València",calle,1,3,Ciutat de València,Nord,39.4805,-0.3865,"Rock club histórico de València, con aforo aproximado de 300 personas. Programación casi diaria de rock, metal y música independiente.",https://www.16toneladas.com/,,,"Aforo: ~300 personas | Dirección: C/ Ricardo Micó 3, 46009 València",sala; rock; música en vivo,V,,https://www.16toneladas.com/la-sala,nuevo,
p270,Espai Octubre,juridica,ciudad,arte,Centro cultural y sala,Octubre Centre de Cultura Contemporània,"C/ de Sant Ferran, València",calle,1,1,Ciutat de València,Ciutat Vella,39.4735,-0.377,"Centro de cultura contemporánea con programación de conciertos, charlas y presentaciones en el corazón de Ciutat Vella.",https://valenciamusicmap.com/es/,,,,sala; cultura; conciertos,V,,https://valenciamusicmap.com/es/,nuevo,
p271,Burning House,juridica,ciudad,entretenimiento,Sala de conciertos,Cabanyal,"Cabanyal, València",barrio,1,4,Ciutat de València,Marítim–Est,39.466,-0.329,"Sala en la fachada marítima del Cabanyal, parte del circuito de música en vivo del barrio.",https://valenciamusicmap.com/es/,,,,sala; música en vivo; Cabanyal,E,,https://valenciamusicmap.com/es/,nuevo,
p272,Centre Cultural Reina 121,juridica,ciudad,arte,Centro cultural,Cabanyal-Canyamelar,"C/ Reina 121, Cabanyal-Canyamelar",calle,1,4,Ciutat de València,Marítim–Est,39.4645,-0.33,"Espacio cultural autogestionado del Cabanyal-Canyamelar con música, artes escénicas y actividad vecinal.",https://valenciamusicmap.com/es/,,,,centro cultural; Cabanyal; comunidad,V,,https://valenciamusicmap.com/es/,nuevo,
p273,Nave 3 Ribes,juridica,ciudad,arte,Centro cultural,Parc Central,"Parc Central, València",barrio,1,5,Ciutat de València,Sud,39.458,-0.378,"Nave rehabilitada del Parc Central, entre Russafa y l'Eixample, con programación cultural y musical.",https://valenciamusicmap.com/es/,,,,centro cultural; Parc Central,E,,https://valenciamusicmap.com/es/,nuevo,
p274,Centre Cultural Escorxador,juridica,ciudad,arte,Centro cultural,Cabanyal-Canyamelar,"Cabanyal-Canyamelar, València",barrio,1,4,Ciutat de València,Marítim–Est,39.467,-0.332,Antiguo matadero del Cabanyal reconvertido en centro cultural de barrio.,https://valenciamusicmap.com/es/,,,,centro cultural; Cabanyal,E,,https://valenciamusicmap.com/es/,nuevo,
p275,Valencia Music Map,juridica,ciudad,entretenimiento,Mapa de la música en vivo,València,,,,,,,,,Directorio y mapa de las salas y espacios de música en vivo de València.,https://valenciamusicmap.com/,,,,directorio; música en vivo,V,,https://valenciamusicmap.com/,nuevo,
p276,Teatro Olympia,juridica,ciudad,entretenimiento,Teatro,Ciutat Vella,"C/ de Sant Vicent Màrtir 44, 46002 València",calle,1,1,Ciutat de València,Ciutat Vella,39.469,-0.3765,"Teatro privado histórico de València, en pleno centro, con cartelera de comedia, musicales y grandes producciones.",https://www.teatro-olympia.com/,,,,teatro; musicales,V,,https://www.teatro-olympia.com/,nuevo,
p277,Teatre Rialto,juridica,ciudad,arte,Teatro público,Institut Valencià de Cultura,"Plaça de l'Ajuntament 17, 46002 València",calle,1,1,Ciutat de València,Ciutat Vella,39.4697,-0.3772,"Teatro del IVC en la plaza del Ayuntamiento, sede habitual de la producción escénica valenciana contemporánea.",https://ivc.gva.es/es/ivc/programacion-ivc/teatro-rialto-de-valencia,,Institut Valencià de Cultura (IVC),,teatro; IVC; artes escénicas,V,,https://ivc.gva.es/es/ivc/programacion-ivc/teatro-rialto-de-valencia,nuevo,
p278,Teatre Talia,juridica,ciudad,entretenimiento,Teatro,Ciutat Vella,"C/ dels Cavallers 31, 46001 València",calle,1,1,Ciutat de València,Ciutat Vella,39.473,-0.376,Teatro municipal en Ciutat Vella con programación escénica estable.,https://www.valencia.es/cas/agenda-de-la-ciudad/-/content/teatre-talia-programacio,,,,teatro; municipal,E,,https://www.valencia.es/cas/agenda-de-la-ciudad/-/content/teatre-talia-programacio,nuevo,
p279,AVIV — Asociación Valenciana de la Industria del Videojuego,juridica,ciudad,tecnologia,Asociación sectorial,Comunitat Valenciana,,,,,,,,,"Primera asociación de la industria valenciana del videojuego, presentada en OWN 2026. Representa los intereses del sector y le da voz ante las instituciones. Impulsada desde la delegación de Innovación del Ayuntamiento.",https://www.valencia.es/cas/actualidad/-/content/impulso-industria-videojuego,,Digital Sun Games | Encom Games | Brave Zebra | No Soon Tech Lab | ESAT | Paula Llobet,Impulsores citados: Carles Pons (No Soon Tech Lab) · Javier Giménez (Digital Sun) · Jaime Torres (ESAT) · Javier Carrión (ENCOM) · Axel García (Brave Zebra) · Ramón Nafria,videojuegos; asociación; sector,V,,https://www.valencia.es/cas/actualidad/-/content/impulso-industria-videojuego,nuevo,
p280,Digital Sun Games,juridica,ciudad,entretenimiento,Estudio de videojuegos,València,,,,,,,,,"Estudio independiente con más de 50 personas. Autor de Moonlighter (más de 2,5 millones de copias), The Mageseeker: A League of Legends Story y Cataclismo, su juego mejor valorado.",https://digitalsungames.com/,x: https://twitter.com/digitalsungames | instagram: https://www.instagram.com/digitalsungames/ | tiktok: https://www.tiktok.com/@digitalsungames | linkedin: https://es.linkedin.com/company/wildframemedia | facebook: https://www.facebook.com/digitalsungames | steam: https://store.steampowered.com/publisher/digitalsun,Javi Giménez | Rubén Picó | AVIV — Asociación Valenciana de la Industria del Videojuego,Equipo: más de 50 personas | Juegos: Moonlighter · The Mageseeker · Cataclismo · Moonlighter 2: The Endless Vault | Fundadores: Javi Giménez (CEO) y Rubén Picó (COO),videojuegos; estudio; indie,V,,https://digitalsungames.com/about-us/,nuevo,
p281,Encom Games,juridica,ciudad,entretenimiento,Estudio y organizador de eventos,València,,,,,,,,,Compañía valenciana de videojuegos que ejecuta los programas municipales València Game City y el festival OWN mediante convenio con el Ayuntamiento.,https://www.valenciaextra.com/es/valencia/valencia-impulsa-el-ecosistema-del-videojuego-con-300-000-euros-para-valencia-game-city-y-own-2026_585545_102.html,,OWN — Open World Now | València Game City | Javier Carrión | AVIV — Asociación Valenciana de la Industria del Videojuego,,videojuegos; eventos; esports,V,,https://www.valenciaextra.com/es/valencia/valencia-impulsa-el-ecosistema-del-videojuego-con-300-000-euros-para-valencia-game-city-y-own-2026_585545_102.html,nuevo,
p282,Brave Zebra,juridica,ciudad,entretenimiento,Estudio de videojuegos,València,,,,,,,,,"Estudio valenciano de videojuegos, entre los impulsores de AVIV.",,,AVIV — Asociación Valenciana de la Industria del Videojuego | Axel García,,videojuegos; estudio,E,,https://www.valencia.es/cas/actualidad/-/content/impulso-industria-videojuego,nuevo,
p283,No Soon Tech Lab,juridica,ciudad,tecnologia,Estudio y laboratorio tecnológico,València,,,,,,,,,Laboratorio tecnológico valenciano del entorno del videojuego y la tecnología inmersiva; entre los impulsores de AVIV.,,,AVIV — Asociación Valenciana de la Industria del Videojuego | Carles Pons,,videojuegos; XR; tecnología,E,,https://www.valencia.es/cas/actualidad/-/content/impulso-industria-videojuego,nuevo,
p284,ESAT,juridica,ciudad,tecnologia,Escuela de videojuegos y tecnología,València,,,,,,,,,Escuela superior de arte y tecnología: forma a buena parte de los desarrolladores de videojuegos y artistas digitales valencianos.,,,AVIV — Asociación Valenciana de la Industria del Videojuego | Jaime Torres,,formación; videojuegos; arte digital,E,,https://www.valencia.es/cas/actualidad/-/content/impulso-industria-videojuego,nuevo,
p285,València Game City,juridica,ciudad,entretenimiento,Programa municipal del videojuego,Ajuntament de València,,,,,,,,,"Programa municipal que da visibilidad al ecosistema valenciano del videojuego: ayudas a estudios locales, formación en XR, encuentros de comunidad y presencia en ferias. Dotado con 150.000 € en 2026.",,,Encom Games | OWN — Open World Now | Paula Llobet | València Innovation Capital,Dotación 2026: 150.000 € · otros 150.000 € para OWN | Ejecuta: Encom Games | En OWN 2026: pabellón con más de 20 proyectos valencianos,videojuegos; municipal; XR,V,,https://www.valenciaextra.com/es/valencia/valencia-impulsa-el-ecosistema-del-videojuego-con-300-000-euros-para-valencia-game-city-y-own-2026_585545_102.html,nuevo,
p286,Javi Giménez,fisica,ciudad,entretenimiento,Cofundador y CEO,Digital Sun Games,,,,,,,,,"Cofundador y CEO en Digital Sun Games. Entre las voces que impulsaron la creación de AVIV, la asociación valenciana del videojuego.",,,Digital Sun Games | AVIV — Asociación Valenciana de la Industria del Videojuego,,videojuegos,V,,https://www.valencia.es/cas/actualidad/-/content/impulso-industria-videojuego,nuevo,
p287,Rubén Picó,fisica,ciudad,entretenimiento,Cofundador y COO,Digital Sun Games,,,,,,,,,"Cofundador y COO en Digital Sun Games. Entre las voces que impulsaron la creación de AVIV, la asociación valenciana del videojuego.",,,Digital Sun Games,,videojuegos,V,,https://www.valencia.es/cas/actualidad/-/content/impulso-industria-videojuego,nuevo,
p288,Carles Pons,fisica,ciudad,entretenimiento,CEO,No Soon Tech Lab,,,,,,,,,"CEO en No Soon Tech Lab. Entre las voces que impulsaron la creación de AVIV, la asociación valenciana del videojuego.",,,No Soon Tech Lab | AVIV — Asociación Valenciana de la Industria del Videojuego,,videojuegos,E,,https://www.valencia.es/cas/actualidad/-/content/impulso-industria-videojuego,nuevo,
p289,Javier Carrión,fisica,ciudad,entretenimiento,CEO,Encom Games,,,,,,,,,"CEO en Encom Games. Entre las voces que impulsaron la creación de AVIV, la asociación valenciana del videojuego.",,,Encom Games | OWN — Open World Now | AVIV — Asociación Valenciana de la Industria del Videojuego,,videojuegos,E,,https://www.valencia.es/cas/actualidad/-/content/impulso-industria-videojuego,nuevo,
p290,Axel García,fisica,ciudad,entretenimiento,Managing director,Brave Zebra,,,,,,,,,"Managing director en Brave Zebra. Entre las voces que impulsaron la creación de AVIV, la asociación valenciana del videojuego.",,,Brave Zebra | AVIV — Asociación Valenciana de la Industria del Videojuego,,videojuegos,E,,https://www.valencia.es/cas/actualidad/-/content/impulso-industria-videojuego,nuevo,
p291,Jaime Torres,fisica,ciudad,entretenimiento,Director,ESAT,,,,,,,,,"Director en ESAT. Entre las voces que impulsaron la creación de AVIV, la asociación valenciana del videojuego.",,,ESAT | AVIV — Asociación Valenciana de la Industria del Videojuego,,videojuegos,E,,https://www.valencia.es/cas/actualidad/-/content/impulso-industria-videojuego,nuevo,
p292,Ramón Nafria,fisica,ciudad,entretenimiento,Desarrollador y director de proyectos,Industria del videojuego,,,,,,,,,"Desarrollador y director de proyectos en Industria del videojuego. Entre las voces que impulsaron la creación de AVIV, la asociación valenciana del videojuego.",,,AVIV — Asociación Valenciana de la Industria del Videojuego,,videojuegos,E,,https://www.valencia.es/cas/actualidad/-/content/impulso-industria-videojuego,nuevo,
p293,Valencia Film Office,juridica,ciudad,arte,Oficina de rodajes,Fundació Visit València,,,,,,,,,"Servicio municipal de apoyo a la producción audiovisual: permisos, localizaciones, contacto con profesionales y orientación sobre incentivos fiscales de hasta el 30%. València acogió 135 rodajes en 2025.",https://www.valenciafilmoffice.org/,,Valencia Convention Bureau | Mostra de València — Cinema del Mediterrani,Rodajes en 2025: 135 producciones | Incentivo fiscal: hasta el 30% | Depende de: Fundació Visit València,cine; audiovisual; rodajes; municipal,V,,https://www.valenciafilmoffice.org/ | https://valenciaplaza.com/cine-audiovisual-valencia-comunitat-valenciana/valencia-ha-acogido-135-rodajes-de-producciones-durante-2025,nuevo,
p294,Mostra de València — Cinema del Mediterrani,juridica,ciudad,arte,Festival de cine,Ajuntament de València,,,,,,,,,"Festival de cine mediterráneo de la ciudad, recuperado tras seis años de paréntesis. Incluye València Film Afers, su mercado y foro profesional.",https://lamostradevalencia.com/,,Valencia Film Office | Institut Valencià de Cultura (IVC),Sección profesional: València Film Afers,cine; festival; mediterráneo,V,,https://lamostradevalencia.com/ | https://www.valencia.es/-/vuelve-la-mostra-de-valencia-cinema-del-mediterrani-tras-un-parentesis-de-seis-anos-,nuevo,
